order_id,customer_id,order_date,status,category,amount_eur,discount_eur
ORD000001,CUST00174,2024-06-21,completed,fashion,240.61,36.09
ORD000002,CUST00135,2024-06-10,completed,fashion,175.36,8.77
ORD000003,CUST00313,2025-10-27,cancelled,home,198.39,9.92
ORD000004,CUST00216,2025-05-05,cancelled,beauty,351.4,17.57
ORD000005,CUST00324,2024-04-10,cancelled,fashion,403.01,0.0
ORD000006,CUST00193,2025-03-11,cancelled,home,226.84,0.0
ORD000007,CUST00434,2024-11-26,completed,sport,334.88,50.23
ORD000008,CUST00129,2024-11-30,completed,electronics,407.37,61.11
ORD000009,CUST00267,2025-09-27,refunded,fashion,38.91,0.0
ORD000010,CUST00344,2024-08-08,completed,sport,335.05,0.0
ORD000011,CUST00094,2025-04-14,completed,fashion,64.31,3.22
ORD000012,CUST00352,2025-04-20,completed,electronics,413.12,0.0
ORD000013,CUST00341,2024-08-05,completed,home,186.64,9.33
ORD000014,CUST00050,2025-04-19,cancelled,beauty,221.58,22.16
ORD000015,CUST00367,2025-01-16,completed,home,253.86,0.0
ORD000016,CUST00438,2025-01-30,completed,home,330.52,33.05
ORD000017,CUST00239,2024-12-01,completed,electronics,58.04,5.8
ORD000018,CUST00235,2025-01-20,completed,sport,196.28,29.44
ORD000019,CUST00028,2025-02-01,completed,fashion,409.93,0.0
ORD000020,CUST00327,2026-03-15,completed,fashion,56.95,5.7
ORD000021,CUST00486,2025-02-07,completed,beauty,306.72,15.34
ORD000022,CUST00267,2026-01-27,completed,sport,302.22,30.22
ORD000023,CUST00269,2025-10-27,completed,beauty,24.08,0.0
ORD000024,CUST00481,2025-04-13,completed,home,114.32,0.0
ORD000025,CUST00469,2025-01-28,completed,electronics,57.04,0.0
ORD000026,CUST00376,2024-12-28,refunded,fashion,177.65,0.0
ORD000027,CUST00111,2025-10-29,completed,home,259.84,25.98
ORD000028,CUST00244,2025-01-20,completed,sport,324.72,48.71
ORD000029,CUST00214,2024-03-03,refunded,sport,249.87,37.48
ORD000030,CUST00085,2025-09-18,completed,fashion,145.95,0.0
ORD000031,CUST00268,2024-09-22,completed,sport,188.32,0.0
ORD000032,CUST00230,2024-10-27,completed,fashion,81.27,12.19
ORD000033,CUST00172,2024-09-19,completed,home,190.75,0.0
ORD000034,CUST00370,2024-09-08,refunded,fashion,67.41,10.11
ORD000035,CUST00479,2025-03-07,completed,sport,312.52,0.0
ORD000036,CUST00422,2025-01-30,cancelled,fashion,325.25,0.0
ORD000037,CUST00477,2024-10-29,completed,electronics,443.38,0.0
ORD000038,CUST00267,2025-12-10,completed,electronics,33.51,0.0
ORD000039,CUST00445,2025-08-02,completed,electronics,440.02,22.0
ORD000040,CUST00111,2025-12-03,completed,beauty,94.75,0.0
ORD000041,CUST00371,2025-08-23,completed,fashion,103.98,15.6
ORD000042,CUST00160,2025-07-24,completed,sport,287.43,0.0
ORD000043,CUST00294,2025-01-06,cancelled,beauty,186.18,0.0
ORD000044,CUST00402,2025-05-06,completed,home,418.27,62.74
ORD000045,CUST00373,2025-02-28,refunded,electronics,294.18,0.0
ORD000046,CUST00018,2024-04-11,completed,sport,230.64,0.0
ORD000047,CUST00393,2024-04-18,completed,beauty,163.18,0.0
ORD000048,CUST00393,2024-07-31,refunded,sport,333.44,16.67
ORD000049,CUST00216,2025-06-14,completed,electronics,77.54,11.63
ORD000050,CUST00340,2025-01-27,completed,beauty,370.16,37.02
ORD000051,CUST00358,2024-09-08,completed,beauty,187.43,0.0
ORD000052,CUST00048,2025-02-16,completed,home,37.41,1.87
ORD000053,CUST00475,2024-11-10,cancelled,beauty,203.57,20.36
ORD000054,CUST00084,2024-12-30,completed,beauty,176.84,8.84
ORD000055,CUST00050,2025-03-31,completed,sport,43.64,4.36
ORD000056,CUST00496,2024-08-10,cancelled,electronics,300.24,30.02
ORD000057,CUST00253,2024-11-24,completed,beauty,223.05,33.46
ORD000058,CUST00327,2025-06-01,completed,sport,89.5,4.48
ORD000059,CUST00442,2025-11-20,completed,home,335.4,0.0
ORD000060,CUST00094,2025-03-27,completed,electronics,383.75,0.0
ORD000061,CUST00359,2024-12-02,completed,electronics,252.12,25.21
ORD000062,CUST00216,2025-07-10,completed,home,428.89,42.89
ORD000063,CUST00378,2026-02-18,completed,beauty,346.82,34.68
ORD000064,CUST00278,2025-04-23,completed,home,237.37,35.61
ORD000065,CUST00309,2024-05-25,completed,sport,18.35,2.75
ORD000066,CUST00073,2025-02-23,completed,sport,388.66,19.43
ORD000067,CUST00242,2025-04-19,completed,home,105.05,0.0
ORD000068,CUST00497,2025-04-30,completed,home,356.97,0.0
ORD000069,CUST00248,2024-10-10,cancelled,fashion,108.25,10.83
ORD000070,CUST00134,2024-10-13,completed,electronics,22.86,2.29
ORD000071,CUST00114,2024-10-10,completed,home,165.52,8.28
ORD000072,CUST00010,2025-05-20,completed,home,86.18,4.31
ORD000073,CUST00386,2025-03-05,completed,sport,177.45,0.0
ORD000074,CUST00144,2024-07-17,completed,beauty,336.51,50.48
ORD000075,CUST00119,2025-01-23,completed,beauty,263.0,39.45
ORD000076,CUST00217,2025-04-20,completed,beauty,301.09,15.05
ORD000077,CUST00220,2025-03-30,completed,sport,256.61,38.49
ORD000078,CUST00031,2024-11-11,refunded,home,41.47,0.0
ORD000079,CUST00162,2024-12-17,completed,beauty,326.48,48.97
ORD000080,CUST00140,2024-11-28,completed,sport,300.03,0.0
ORD000081,CUST00309,2024-09-02,completed,fashion,277.32,41.6
ORD000082,CUST00387,2026-03-31,completed,fashion,121.91,0.0
ORD000083,CUST00270,2025-01-10,completed,sport,255.95,0.0
ORD000084,CUST00369,2025-12-05,completed,home,359.05,0.0
ORD000085,CUST00263,2025-04-02,refunded,beauty,106.52,15.98
ORD000086,CUST00495,2025-05-21,completed,fashion,449.07,0.0
ORD000087,CUST00381,2024-10-10,completed,sport,31.16,4.67
ORD000088,CUST00427,2025-11-15,completed,fashion,251.39,12.57
ORD000089,CUST00376,2024-11-16,completed,electronics,267.2,26.72
ORD000090,CUST00193,2025-04-19,completed,electronics,412.92,20.65
ORD000091,CUST00342,2025-01-15,cancelled,sport,419.19,0.0
ORD000092,CUST00466,2025-11-28,completed,beauty,40.02,2.0
ORD000093,CUST00079,2025-01-30,completed,sport,289.56,0.0
ORD000094,CUST00046,2024-10-07,completed,beauty,206.56,30.98
ORD000095,CUST00413,2025-05-21,cancelled,fashion,433.39,65.01
ORD000096,CUST00360,2026-02-04,completed,sport,246.76,0.0
ORD000097,CUST00024,2025-05-29,completed,sport,205.46,10.27
ORD000098,CUST00487,2025-12-01,cancelled,home,114.04,0.0
ORD000099,CUST00111,2026-01-13,completed,home,305.86,0.0
ORD000100,CUST00072,2024-11-21,completed,fashion,323.5,0.0
ORD000101,CUST00144,2024-11-17,completed,home,231.67,11.58
ORD000102,CUST00056,2024-11-11,completed,sport,354.27,0.0
ORD000103,CUST00275,2025-07-03,completed,sport,50.26,0.0
ORD000104,CUST00155,2024-06-11,completed,fashion,425.82,21.29
ORD000105,CUST00136,2024-10-27,completed,home,103.69,10.37
ORD000106,CUST00244,2024-08-25,completed,home,302.33,30.23
ORD000107,CUST00018,2024-02-23,completed,home,255.45,38.32
ORD000108,CUST00432,2025-10-11,completed,sport,324.74,0.0
ORD000109,CUST00397,2025-01-28,completed,sport,285.53,28.55
ORD000110,CUST00220,2025-11-06,cancelled,fashion,420.79,42.08
ORD000111,CUST00402,2025-01-23,completed,electronics,396.28,0.0
ORD000112,CUST00477,2025-03-12,completed,home,131.27,0.0
ORD000113,CUST00258,2025-10-29,completed,beauty,164.96,16.5
ORD000114,CUST00192,2024-06-09,completed,fashion,139.89,0.0
ORD000115,CUST00196,2024-06-25,completed,electronics,185.41,27.81
ORD000116,CUST00250,2025-09-18,completed,beauty,264.63,39.69
ORD000117,CUST00234,2024-06-26,completed,home,76.5,3.83
ORD000118,CUST00446,2024-08-18,completed,fashion,51.79,0.0
ORD000119,CUST00122,2024-11-02,completed,beauty,231.1,0.0
ORD000120,CUST00397,2025-07-29,completed,beauty,387.39,19.37
ORD000121,CUST00413,2025-06-28,completed,sport,403.39,20.17
ORD000122,CUST00125,2025-07-20,completed,home,405.25,0.0
ORD000123,CUST00184,2025-04-03,cancelled,electronics,179.14,17.91
ORD000124,CUST00060,2025-04-22,completed,electronics,394.65,0.0
ORD000125,CUST00255,2025-09-21,cancelled,sport,38.78,1.94
ORD000126,CUST00440,2025-07-18,completed,sport,428.65,0.0
ORD000127,CUST00453,2025-05-11,cancelled,fashion,110.28,11.03
ORD000128,CUST00443,2025-05-06,cancelled,beauty,126.42,0.0
ORD000129,CUST00174,2024-05-23,completed,sport,70.32,0.0
ORD000130,CUST00315,2025-02-09,completed,sport,51.51,5.15
ORD000131,CUST00295,2024-10-07,completed,sport,410.82,20.54
ORD000132,CUST00308,2025-03-22,completed,electronics,37.53,3.75
ORD000133,CUST00163,2024-09-15,completed,beauty,270.46,0.0
ORD000134,CUST00007,2025-10-10,completed,sport,308.11,15.41
ORD000135,CUST00190,2025-02-08,completed,beauty,202.65,0.0
ORD000136,CUST00463,2025-04-03,completed,sport,42.71,0.0
ORD000137,CUST00437,2025-09-29,completed,electronics,321.65,32.16
ORD000138,CUST00033,2025-12-17,completed,beauty,441.95,66.29
ORD000139,CUST00296,2025-08-27,completed,home,245.71,0.0
ORD000140,CUST00161,2024-05-23,completed,sport,401.79,40.18
ORD000141,CUST00309,2024-12-09,cancelled,sport,187.49,18.75
ORD000142,CUST00493,2024-06-22,completed,home,294.16,29.42
ORD000143,CUST00029,2025-10-08,completed,home,233.57,0.0
ORD000144,CUST00197,2024-02-12,completed,sport,97.56,0.0
ORD000145,CUST00050,2024-10-21,completed,sport,38.22,5.73
ORD000146,CUST00182,2025-01-31,completed,sport,156.79,15.68
ORD000147,CUST00035,2024-12-01,refunded,sport,133.47,0.0
ORD000148,CUST00448,2025-06-16,completed,home,424.09,21.2
ORD000149,CUST00158,2025-09-17,completed,electronics,350.28,17.51
ORD000150,CUST00352,2025-08-19,completed,beauty,213.95,21.39
ORD000151,CUST00019,2024-08-25,completed,electronics,81.63,0.0
ORD000152,CUST00427,2025-07-13,completed,home,17.95,2.69
ORD000153,CUST00140,2025-08-18,completed,electronics,62.01,0.0
ORD000154,CUST00071,2024-11-10,cancelled,home,37.9,1.9
ORD000155,CUST00441,2025-01-31,completed,electronics,39.05,0.0
ORD000156,CUST00179,2025-08-18,completed,home,237.43,0.0
ORD000157,CUST00357,2025-02-17,completed,fashion,225.84,22.58
ORD000158,CUST00423,2025-10-11,completed,electronics,435.8,43.58
ORD000159,CUST00475,2024-12-16,completed,fashion,130.95,6.55
ORD000160,CUST00449,2025-01-25,completed,home,33.13,0.0
ORD000161,CUST00446,2024-04-25,completed,beauty,358.97,35.9
ORD000162,CUST00414,2025-02-01,completed,beauty,26.7,1.33
ORD000163,CUST00465,2024-10-03,completed,fashion,410.54,0.0
ORD000164,CUST00129,2024-12-13,completed,sport,58.81,8.82
ORD000165,CUST00026,2024-05-16,completed,fashion,196.19,29.43
ORD000166,CUST00121,2025-03-13,completed,electronics,446.53,44.65
ORD000167,CUST00401,2025-02-18,cancelled,sport,358.16,0.0
ORD000168,CUST00464,2025-03-27,completed,fashion,448.56,0.0
ORD000169,CUST00128,2025-07-16,completed,fashion,349.19,0.0
ORD000170,CUST00159,2025-12-12,completed,sport,100.3,0.0
ORD000171,CUST00227,2025-08-04,completed,home,364.36,18.22
ORD000172,CUST00207,2025-06-27,completed,home,345.78,0.0
ORD000173,CUST00472,2025-01-02,completed,sport,36.58,0.0
ORD000174,CUST00295,2024-09-25,cancelled,sport,319.3,0.0
ORD000175,CUST00060,2025-02-26,completed,electronics,177.02,0.0
ORD000176,CUST00437,2025-07-03,completed,home,312.8,46.92
ORD000177,CUST00233,2026-03-09,completed,beauty,291.53,14.58
ORD000178,CUST00318,2025-10-12,completed,home,329.94,0.0
ORD000179,CUST00451,2025-03-01,refunded,home,394.03,0.0
ORD000180,CUST00343,2025-02-15,refunded,electronics,132.93,6.65
ORD000181,CUST00455,2024-12-16,completed,beauty,163.39,0.0
ORD000182,CUST00048,2024-10-16,completed,beauty,378.47,0.0
ORD000183,CUST00432,2025-08-28,cancelled,sport,185.04,18.5
ORD000184,CUST00186,2024-09-23,cancelled,fashion,151.46,0.0
ORD000185,CUST00398,2025-12-30,completed,beauty,420.05,21.0
ORD000186,CUST00222,2024-10-24,completed,sport,401.91,40.19
ORD000187,CUST00024,2025-02-21,completed,fashion,134.86,0.0
ORD000188,CUST00458,2025-04-20,completed,beauty,201.13,0.0
ORD000189,CUST00220,2025-08-13,completed,electronics,149.73,22.46
ORD000190,CUST00270,2024-12-13,completed,sport,182.44,0.0
ORD000191,CUST00265,2025-02-16,completed,electronics,324.86,32.49
ORD000192,CUST00338,2025-05-27,completed,home,102.33,15.35
ORD000193,CUST00043,2025-02-27,completed,beauty,440.63,0.0
ORD000194,CUST00059,2024-07-04,cancelled,beauty,405.06,0.0
ORD000195,CUST00260,2024-10-02,completed,sport,144.24,7.21
ORD000196,CUST00404,2025-08-21,completed,sport,340.44,0.0
ORD000197,CUST00456,2024-08-12,completed,beauty,180.41,18.04
ORD000198,CUST00286,2024-05-20,cancelled,home,165.62,16.56
ORD000199,CUST00342,2025-07-01,refunded,fashion,420.85,0.0
ORD000200,CUST00062,2024-05-15,completed,beauty,341.81,51.27
ORD000201,CUST00156,2025-01-28,completed,electronics,148.74,0.0
ORD000202,CUST00444,2025-01-23,completed,beauty,222.35,22.23
ORD000203,CUST00054,2025-06-21,completed,sport,163.57,8.18
ORD000204,CUST00293,2025-04-29,completed,home,235.45,0.0
ORD000205,CUST00135,2024-07-12,completed,sport,52.55,0.0
ORD000206,CUST00162,2024-08-03,completed,fashion,48.9,7.33
ORD000207,CUST00149,2024-03-08,completed,fashion,71.27,3.56
ORD000208,CUST00160,2026-03-29,completed,electronics,44.0,2.2
ORD000209,CUST00344,2024-11-07,completed,beauty,376.92,56.54
ORD000210,CUST00129,2025-06-25,cancelled,fashion,147.36,0.0
ORD000211,CUST00126,2025-05-25,completed,electronics,167.05,0.0
ORD000212,CUST00050,2025-02-06,completed,electronics,56.6,2.83
ORD000213,CUST00195,2024-10-27,refunded,fashion,167.56,8.38
ORD000214,CUST00097,2025-11-12,completed,electronics,437.71,0.0
ORD000215,CUST00371,2026-02-28,completed,beauty,131.2,19.68
ORD000216,CUST00260,2024-06-11,completed,sport,17.51,0.0
ORD000217,CUST00192,2024-09-24,completed,home,300.79,0.0
ORD000218,CUST00053,2025-03-05,completed,home,57.91,5.79
ORD000219,CUST00168,2026-02-20,completed,beauty,251.05,0.0
ORD000220,CUST00282,2025-07-03,refunded,beauty,218.14,21.81
ORD000221,CUST00219,2024-07-17,completed,home,240.1,24.01
ORD000222,CUST00124,2024-11-17,completed,home,44.83,4.48
ORD000223,CUST00272,2025-09-01,cancelled,electronics,325.38,0.0
ORD000224,CUST00422,2025-02-08,completed,home,213.22,0.0
ORD000225,CUST00371,2025-11-01,completed,electronics,163.07,0.0
ORD000226,CUST00340,2024-09-12,completed,electronics,16.12,0.0
ORD000227,CUST00346,2025-02-27,completed,beauty,237.56,23.76
ORD000228,CUST00119,2025-03-22,completed,beauty,92.15,13.82
ORD000229,CUST00123,2024-09-11,completed,fashion,213.79,0.0
ORD000230,CUST00401,2025-07-10,completed,electronics,200.62,0.0
ORD000231,CUST00135,2024-08-11,completed,home,297.31,0.0
ORD000232,CUST00300,2025-05-29,completed,home,116.71,0.0
ORD000233,CUST00432,2025-08-28,completed,home,344.56,51.68
ORD000234,CUST00134,2025-01-08,completed,fashion,434.92,0.0
ORD000235,CUST00493,2024-12-07,completed,home,97.58,0.0
ORD000236,CUST00050,2024-11-13,completed,sport,165.82,16.58
ORD000237,CUST00223,2024-07-16,completed,electronics,40.77,2.04
ORD000238,CUST00367,2024-03-17,completed,fashion,285.64,14.28
ORD000239,CUST00240,2025-10-11,cancelled,home,319.79,0.0
ORD000240,CUST00336,2024-11-28,completed,electronics,385.82,0.0
ORD000241,CUST00406,2024-09-28,completed,fashion,386.76,58.01
ORD000242,CUST00223,2024-08-21,completed,fashion,326.98,49.05
ORD000243,CUST00358,2024-09-29,cancelled,beauty,400.07,0.0
ORD000244,CUST00021,2024-05-15,completed,sport,249.91,37.49
ORD000245,CUST00338,2025-02-18,completed,home,241.48,0.0
ORD000246,CUST00436,2025-12-05,completed,sport,282.97,28.3
ORD000247,CUST00164,2026-01-07,completed,sport,396.06,39.61
ORD000248,CUST00086,2025-06-19,completed,beauty,293.82,0.0
ORD000249,CUST00165,2024-04-29,completed,home,285.86,14.29
ORD000250,CUST00204,2025-12-05,completed,sport,85.64,8.56
ORD000251,CUST00344,2024-09-07,refunded,beauty,102.8,0.0
ORD000252,CUST00252,2025-12-28,completed,fashion,351.03,0.0
ORD000253,CUST00042,2024-10-31,completed,fashion,70.51,0.0
ORD000254,CUST00115,2025-06-30,completed,home,356.92,53.54
ORD000255,CUST00092,2025-03-11,completed,home,335.64,0.0
ORD000256,CUST00148,2025-10-27,completed,sport,212.52,21.25
ORD000257,CUST00270,2024-09-22,completed,sport,400.22,0.0
ORD000258,CUST00355,2024-09-19,completed,fashion,176.67,0.0
ORD000259,CUST00019,2025-01-19,cancelled,fashion,423.13,63.47
ORD000260,CUST00478,2025-01-22,completed,beauty,42.87,0.0
ORD000261,CUST00101,2024-07-06,completed,beauty,197.69,0.0
ORD000262,CUST00488,2025-08-25,completed,fashion,293.54,44.03
ORD000263,CUST00498,2025-03-12,completed,home,433.68,21.68
ORD000264,CUST00213,2024-06-19,completed,electronics,35.19,0.0
ORD000265,CUST00411,2024-11-01,completed,fashion,85.62,0.0
ORD000266,CUST00108,2026-01-06,completed,electronics,173.07,0.0
ORD000267,CUST00441,2025-02-21,completed,fashion,112.64,0.0
ORD000268,CUST00285,2025-06-24,cancelled,fashion,57.94,0.0
ORD000269,CUST00210,2025-06-22,completed,fashion,194.42,29.16
ORD000270,CUST00059,2024-10-08,completed,electronics,103.27,5.16
ORD000271,CUST00173,2024-11-16,completed,beauty,69.22,6.92
ORD000272,CUST00251,2025-05-24,cancelled,electronics,229.78,22.98
ORD000273,CUST00393,2024-03-21,completed,electronics,292.91,29.29
ORD000274,CUST00107,2024-08-02,completed,fashion,144.85,0.0
ORD000275,CUST00362,2025-11-08,completed,beauty,169.57,0.0
ORD000276,CUST00313,2025-01-03,completed,sport,327.01,49.05
ORD000277,CUST00362,2025-07-26,completed,beauty,396.23,0.0
ORD000278,CUST00043,2025-09-03,completed,sport,91.55,13.73
ORD000279,CUST00052,2024-07-08,completed,sport,162.27,8.11
ORD000280,CUST00374,2024-09-29,completed,beauty,353.51,53.03
ORD000281,CUST00004,2025-01-12,cancelled,electronics,158.43,0.0
ORD000282,CUST00347,2025-06-13,completed,sport,285.8,28.58
ORD000283,CUST00222,2025-01-08,completed,home,49.06,7.36
ORD000284,CUST00007,2025-12-17,completed,beauty,204.93,20.49
ORD000285,CUST00292,2026-04-02,completed,electronics,109.54,10.95
ORD000286,CUST00292,2025-08-16,cancelled,sport,288.03,0.0
ORD000287,CUST00497,2025-04-14,completed,electronics,66.2,0.0
ORD000288,CUST00307,2024-06-25,completed,home,140.75,0.0
ORD000289,CUST00058,2024-10-16,completed,fashion,157.19,7.86
ORD000290,CUST00461,2025-02-26,completed,beauty,103.9,0.0
ORD000291,CUST00018,2024-04-24,completed,beauty,369.5,36.95
ORD000292,CUST00210,2025-10-04,completed,home,367.04,36.7
ORD000293,CUST00417,2025-07-07,completed,electronics,131.83,0.0
ORD000294,CUST00198,2024-07-17,cancelled,beauty,40.83,6.12
ORD000295,CUST00182,2024-06-18,completed,fashion,282.85,14.14
ORD000296,CUST00403,2026-02-24,cancelled,home,334.32,50.15
ORD000297,CUST00384,2024-12-07,completed,beauty,162.86,8.14
ORD000298,CUST00034,2024-05-02,cancelled,fashion,310.94,46.64
ORD000299,CUST00237,2024-11-19,completed,sport,33.05,4.96
ORD000300,CUST00297,2025-02-02,completed,fashion,280.27,28.03
ORD000301,CUST00170,2025-03-03,completed,fashion,126.3,0.0
ORD000302,CUST00052,2024-05-22,completed,electronics,349.58,0.0
ORD000303,CUST00087,2025-04-04,completed,beauty,434.89,43.49
ORD000304,CUST00024,2025-07-02,completed,sport,436.49,0.0
ORD000305,CUST00459,2025-04-09,completed,electronics,34.36,0.0
ORD000306,CUST00335,2025-05-04,cancelled,sport,328.44,49.27
ORD000307,CUST00300,2025-07-03,completed,electronics,362.21,0.0
ORD000308,CUST00150,2024-05-01,completed,electronics,40.92,0.0
ORD000309,CUST00341,2024-09-09,completed,home,308.41,15.42
ORD000310,CUST00367,2024-05-25,refunded,beauty,314.3,0.0
ORD000311,CUST00131,2024-09-05,cancelled,home,89.72,4.49
ORD000312,CUST00232,2025-02-14,completed,sport,131.12,0.0
ORD000313,CUST00379,2024-11-22,completed,beauty,107.17,16.08
ORD000314,CUST00007,2025-09-10,completed,beauty,26.38,0.0
ORD000315,CUST00145,2025-07-08,completed,beauty,307.62,30.76
ORD000316,CUST00271,2025-08-21,completed,sport,95.8,4.79
ORD000317,CUST00439,2024-09-28,completed,sport,57.59,8.64
ORD000318,CUST00053,2024-12-20,completed,beauty,355.75,17.79
ORD000319,CUST00063,2024-10-22,cancelled,electronics,354.01,35.4
ORD000320,CUST00310,2025-11-06,completed,sport,18.48,0.92
ORD000321,CUST00362,2025-04-28,completed,electronics,308.22,0.0
ORD000322,CUST00426,2024-09-03,completed,fashion,47.54,0.0
ORD000323,CUST00121,2024-09-06,completed,fashion,73.84,0.0
ORD000324,CUST00123,2025-03-14,completed,electronics,15.74,0.79
ORD000325,CUST00158,2025-05-25,completed,sport,223.19,0.0
ORD000326,CUST00236,2025-07-05,completed,beauty,101.27,0.0
ORD000327,CUST00071,2024-08-07,completed,fashion,155.65,0.0
ORD000328,CUST00013,2024-08-25,completed,beauty,392.88,0.0
ORD000329,CUST00295,2024-10-28,completed,fashion,347.12,0.0
ORD000330,CUST00474,2025-10-05,completed,sport,58.67,0.0
ORD000331,CUST00213,2025-01-09,completed,home,141.45,14.14
ORD000332,CUST00081,2024-09-28,completed,home,203.08,0.0
ORD000333,CUST00155,2024-09-17,completed,electronics,398.02,39.8
ORD000334,CUST00106,2024-08-24,completed,home,66.11,0.0
ORD000335,CUST00421,2024-12-04,completed,beauty,100.25,15.04
ORD000336,CUST00222,2025-01-02,completed,fashion,189.41,9.47
ORD000337,CUST00169,2025-05-27,completed,fashion,146.14,0.0
ORD000338,CUST00264,2024-06-19,completed,fashion,398.39,59.76
ORD000339,CUST00426,2024-08-30,completed,sport,154.63,0.0
ORD000340,CUST00229,2024-11-30,completed,beauty,324.73,32.47
ORD000341,CUST00182,2024-12-16,completed,fashion,254.15,38.12
ORD000342,CUST00178,2024-09-26,completed,beauty,279.23,0.0
ORD000343,CUST00151,2024-10-09,refunded,fashion,140.46,0.0
ORD000344,CUST00476,2024-05-23,completed,home,32.8,0.0
ORD000345,CUST00236,2025-12-17,completed,home,399.33,19.97
ORD000346,CUST00008,2025-02-28,completed,electronics,76.66,11.5
ORD000347,CUST00491,2025-06-19,completed,electronics,263.44,0.0
ORD000348,CUST00444,2024-06-14,completed,beauty,69.54,6.95
ORD000349,CUST00103,2025-11-18,cancelled,electronics,87.7,0.0
ORD000350,CUST00096,2024-08-22,cancelled,home,128.75,0.0
ORD000351,CUST00104,2024-11-11,completed,sport,236.71,11.84
ORD000352,CUST00490,2024-08-25,completed,fashion,148.01,7.4
ORD000353,CUST00198,2025-02-25,completed,electronics,323.53,0.0
ORD000354,CUST00354,2025-10-17,completed,sport,72.68,7.27
ORD000355,CUST00378,2026-01-25,cancelled,electronics,368.13,18.41
ORD000356,CUST00088,2025-10-25,completed,sport,225.52,22.55
ORD000357,CUST00198,2024-06-01,completed,electronics,277.27,27.73
ORD000358,CUST00439,2025-04-02,completed,home,149.06,7.45
ORD000359,CUST00217,2025-03-24,refunded,sport,336.47,0.0
ORD000360,CUST00145,2025-12-12,cancelled,beauty,438.99,0.0
ORD000361,CUST00015,2025-09-11,completed,sport,95.01,0.0
ORD000362,CUST00235,2025-01-01,completed,electronics,190.73,0.0
ORD000363,CUST00386,2024-11-08,completed,home,180.46,0.0
ORD000364,CUST00315,2024-11-29,completed,home,97.65,14.65
ORD000365,CUST00489,2025-12-28,completed,sport,35.0,3.5
ORD000366,CUST00172,2024-05-11,completed,fashion,21.5,0.0
ORD000367,CUST00147,2024-10-26,completed,electronics,370.89,55.63
ORD000368,CUST00041,2025-06-11,completed,fashion,218.91,0.0
ORD000369,CUST00463,2025-06-04,cancelled,sport,287.02,0.0
ORD000370,CUST00427,2025-06-22,completed,fashion,372.05,55.81
ORD000371,CUST00304,2025-09-23,completed,fashion,429.31,21.47
ORD000372,CUST00076,2025-06-24,completed,sport,104.02,0.0
ORD000373,CUST00077,2025-07-19,completed,home,250.31,37.55
ORD000374,CUST00035,2024-04-19,completed,sport,431.43,64.71
ORD000375,CUST00299,2025-01-21,completed,sport,219.27,0.0
ORD000376,CUST00422,2024-11-30,completed,beauty,205.97,10.3
ORD000377,CUST00225,2025-01-30,completed,sport,121.95,0.0
ORD000378,CUST00366,2025-11-19,completed,beauty,273.02,13.65
ORD000379,CUST00169,2025-06-07,completed,beauty,313.54,31.35
ORD000380,CUST00174,2024-10-12,completed,fashion,25.28,1.26
ORD000381,CUST00420,2024-09-14,completed,sport,43.09,6.46
ORD000382,CUST00326,2025-06-10,completed,sport,282.27,0.0
ORD000383,CUST00259,2024-10-04,completed,sport,90.33,9.03
ORD000384,CUST00041,2025-04-10,completed,home,345.25,34.52
ORD000385,CUST00122,2025-02-04,completed,sport,449.86,0.0
ORD000386,CUST00362,2026-01-27,completed,beauty,445.61,66.84
ORD000387,CUST00303,2025-10-15,completed,home,99.83,14.97
ORD000388,CUST00001,2025-04-05,completed,electronics,136.61,0.0
ORD000389,CUST00445,2025-09-26,completed,beauty,383.4,0.0
ORD000390,CUST00050,2025-06-04,completed,electronics,257.93,38.69
ORD000391,CUST00073,2025-08-23,completed,electronics,428.94,0.0
ORD000392,CUST00408,2024-08-13,completed,beauty,179.33,0.0
ORD000393,CUST00415,2024-06-24,completed,sport,40.32,6.05
ORD000394,CUST00393,2024-07-28,refunded,beauty,64.88,9.73
ORD000395,CUST00120,2024-10-30,completed,electronics,60.14,3.01
ORD000396,CUST00461,2024-12-20,completed,electronics,304.16,0.0
ORD000397,CUST00125,2025-06-18,completed,home,84.05,4.2
ORD000398,CUST00308,2025-04-27,completed,sport,156.94,0.0
ORD000399,CUST00108,2025-12-08,completed,home,364.08,0.0
ORD000400,CUST00253,2025-02-02,completed,home,362.54,18.13
ORD000401,CUST00404,2025-10-04,completed,home,193.59,19.36
ORD000402,CUST00413,2025-04-21,completed,sport,97.68,14.65
ORD000403,CUST00031,2024-04-30,completed,electronics,401.0,40.1
ORD000404,CUST00482,2025-08-17,completed,home,388.71,58.31
ORD000405,CUST00351,2024-04-09,completed,electronics,254.65,25.47
ORD000406,CUST00469,2025-01-18,completed,beauty,38.13,0.0
ORD000407,CUST00024,2025-02-02,completed,home,339.31,0.0
ORD000408,CUST00325,2025-02-28,refunded,sport,236.58,23.66
ORD000409,CUST00008,2025-02-23,completed,electronics,433.4,43.34
ORD000410,CUST00435,2024-11-19,completed,electronics,161.42,0.0
ORD000411,CUST00205,2025-11-24,completed,beauty,186.92,0.0
ORD000412,CUST00049,2024-07-31,completed,sport,93.33,9.33
ORD000413,CUST00285,2025-05-14,cancelled,beauty,237.97,35.7
ORD000414,CUST00491,2025-04-28,completed,sport,386.39,0.0
ORD000415,CUST00118,2025-06-18,completed,electronics,405.7,60.85
ORD000416,CUST00179,2024-11-20,completed,home,370.85,55.63
ORD000417,CUST00243,2024-06-08,refunded,electronics,445.59,44.56
ORD000418,CUST00095,2025-10-24,completed,electronics,56.05,0.0
ORD000419,CUST00357,2024-11-27,completed,electronics,90.12,13.52
ORD000420,CUST00426,2024-08-26,completed,home,24.1,0.0
ORD000421,CUST00196,2024-11-12,completed,fashion,287.65,0.0
ORD000422,CUST00408,2024-07-02,completed,electronics,111.16,11.12
ORD000423,CUST00390,2024-03-10,cancelled,sport,271.97,13.6
ORD000424,CUST00369,2026-03-22,completed,electronics,135.39,0.0
ORD000425,CUST00133,2025-06-18,completed,fashion,53.84,0.0
ORD000426,CUST00323,2024-03-15,completed,beauty,207.83,10.39
ORD000427,CUST00037,2025-11-07,completed,beauty,320.74,0.0
ORD000428,CUST00351,2024-08-31,completed,home,131.42,6.57
ORD000429,CUST00408,2024-10-18,completed,electronics,73.94,11.09
ORD000430,CUST00477,2025-07-29,completed,sport,70.02,0.0
ORD000431,CUST00471,2025-03-30,completed,beauty,247.53,24.75
ORD000432,CUST00310,2025-05-12,completed,electronics,137.14,0.0
ORD000433,CUST00168,2025-11-29,completed,beauty,385.03,0.0
ORD000434,CUST00388,2025-10-24,completed,beauty,359.03,35.9
ORD000435,CUST00437,2025-05-04,completed,sport,190.63,0.0
ORD000436,CUST00039,2025-01-13,completed,sport,302.54,0.0
ORD000437,CUST00347,2025-01-16,refunded,fashion,222.52,33.38
ORD000438,CUST00443,2025-06-01,completed,beauty,286.47,0.0
ORD000439,CUST00029,2025-10-23,completed,fashion,373.37,18.67
ORD000440,CUST00419,2025-01-06,completed,sport,318.44,0.0
ORD000441,CUST00295,2024-07-18,completed,electronics,238.41,0.0
ORD000442,CUST00414,2025-06-28,completed,beauty,353.87,0.0
ORD000443,CUST00046,2024-11-29,completed,beauty,153.17,0.0
ORD000444,CUST00439,2024-11-19,completed,beauty,201.35,10.07
ORD000445,CUST00215,2025-07-04,completed,electronics,214.4,0.0
ORD000446,CUST00421,2024-07-22,completed,electronics,422.68,0.0
ORD000447,CUST00268,2024-02-27,completed,fashion,287.31,28.73
ORD000448,CUST00392,2025-07-21,completed,fashion,228.38,22.84
ORD000449,CUST00412,2024-10-16,completed,fashion,328.83,0.0
ORD000450,CUST00177,2025-08-31,completed,fashion,167.01,25.05
ORD000451,CUST00097,2025-09-07,cancelled,sport,279.22,41.88
ORD000452,CUST00331,2025-09-10,completed,electronics,380.61,19.03
ORD000453,CUST00259,2024-09-30,completed,sport,306.09,45.91
ORD000454,CUST00380,2024-07-31,completed,home,371.32,0.0
ORD000455,CUST00489,2025-07-24,completed,beauty,277.27,41.59
ORD000456,CUST00277,2025-10-21,completed,electronics,374.39,0.0
ORD000457,CUST00034,2024-08-10,completed,fashion,268.58,26.86
ORD000458,CUST00005,2025-07-27,completed,beauty,18.2,0.0
ORD000459,CUST00478,2025-03-05,completed,sport,149.54,22.43
ORD000460,CUST00339,2025-01-05,completed,beauty,147.26,0.0
ORD000461,CUST00171,2024-09-13,completed,beauty,168.1,16.81
ORD000462,CUST00020,2024-11-13,completed,fashion,156.33,0.0
ORD000463,CUST00350,2025-07-18,completed,beauty,260.18,0.0
ORD000464,CUST00099,2025-05-01,completed,sport,44.58,4.46
ORD000465,CUST00467,2024-07-17,completed,beauty,98.91,9.89
ORD000466,CUST00452,2025-07-15,completed,fashion,250.24,12.51
ORD000467,CUST00210,2025-12-21,cancelled,fashion,195.38,9.77
ORD000468,CUST00200,2025-06-19,completed,beauty,221.63,0.0
ORD000469,CUST00470,2025-12-31,completed,sport,275.01,41.25
ORD000470,CUST00362,2025-09-21,cancelled,beauty,358.04,53.71
ORD000471,CUST00319,2024-03-14,completed,sport,133.35,13.34
ORD000472,CUST00237,2025-03-06,completed,home,53.25,7.99
ORD000473,CUST00050,2024-10-15,completed,beauty,377.1,18.86
ORD000474,CUST00019,2024-09-07,completed,home,246.95,12.35
ORD000475,CUST00478,2025-01-22,completed,home,202.03,0.0
ORD000476,CUST00432,2026-03-17,completed,sport,338.12,50.72
ORD000477,CUST00273,2025-11-09,completed,home,433.01,64.95
ORD000478,CUST00443,2025-03-06,completed,sport,400.91,0.0
ORD000479,CUST00103,2026-01-15,completed,electronics,205.63,0.0
ORD000480,CUST00153,2025-01-03,completed,sport,119.73,11.97
ORD000481,CUST00440,2025-02-10,completed,fashion,443.43,66.51
ORD000482,CUST00280,2025-01-12,cancelled,beauty,150.14,0.0
ORD000483,CUST00091,2025-05-12,completed,fashion,205.3,30.8
ORD000484,CUST00408,2024-07-18,completed,fashion,418.24,0.0
ORD000485,CUST00211,2025-02-06,completed,sport,113.85,0.0
ORD000486,CUST00339,2025-10-16,completed,home,148.03,0.0
ORD000487,CUST00204,2026-02-12,completed,electronics,407.76,0.0
ORD000488,CUST00500,2024-06-25,cancelled,sport,273.33,0.0
ORD000489,CUST00199,2025-02-02,completed,fashion,226.92,34.04
ORD000490,CUST00030,2025-04-21,completed,electronics,16.3,1.63
ORD000491,CUST00356,2025-04-27,completed,sport,418.52,62.78
ORD000492,CUST00433,2025-03-26,completed,electronics,197.43,9.87
ORD000493,CUST00306,2025-02-26,completed,fashion,55.31,0.0
ORD000494,CUST00366,2025-12-18,completed,beauty,436.75,0.0
ORD000495,CUST00355,2025-02-04,completed,sport,39.69,5.95
ORD000496,CUST00018,2024-04-30,completed,home,165.71,16.57
ORD000497,CUST00192,2024-02-02,completed,home,38.84,0.0
ORD000498,CUST00141,2024-11-17,completed,fashion,385.38,19.27
ORD000499,CUST00022,2025-12-04,completed,home,404.75,20.24
ORD000500,CUST00223,2024-05-05,completed,electronics,408.73,0.0
ORD000501,CUST00084,2024-11-09,completed,sport,250.19,0.0
ORD000502,CUST00109,2025-12-19,completed,electronics,154.38,7.72
ORD000503,CUST00061,2024-10-01,completed,electronics,323.36,48.5
ORD000504,CUST00495,2025-04-09,completed,fashion,307.22,0.0
ORD000505,CUST00457,2024-11-01,completed,fashion,279.41,0.0
ORD000506,CUST00332,2025-07-07,cancelled,beauty,224.51,0.0
ORD000507,CUST00252,2026-02-01,completed,beauty,132.87,6.64
ORD000508,CUST00444,2025-03-12,completed,electronics,376.38,0.0
ORD000509,CUST00496,2024-09-30,completed,sport,82.95,12.44
ORD000510,CUST00310,2025-11-17,refunded,beauty,331.75,16.59
ORD000511,CUST00184,2025-08-01,cancelled,home,421.86,21.09
ORD000512,CUST00272,2025-12-12,completed,beauty,205.96,0.0
ORD000513,CUST00421,2024-10-23,completed,fashion,352.44,35.24
ORD000514,CUST00142,2025-07-05,completed,sport,120.3,6.02
ORD000515,CUST00349,2025-04-26,completed,home,283.36,28.34
ORD000516,CUST00047,2026-01-09,completed,beauty,94.86,9.49
ORD000517,CUST00500,2024-09-18,completed,beauty,52.62,2.63
ORD000518,CUST00272,2026-01-09,completed,home,447.33,0.0
ORD000519,CUST00146,2024-12-07,cancelled,home,304.34,15.22
ORD000520,CUST00228,2025-09-14,completed,electronics,269.12,40.37
ORD000521,CUST00489,2025-05-20,completed,fashion,242.89,12.14
ORD000522,CUST00255,2025-12-04,cancelled,beauty,427.8,0.0
ORD000523,CUST00342,2025-07-10,completed,beauty,242.04,12.1
ORD000524,CUST00342,2025-02-28,completed,home,91.0,0.0
ORD000525,CUST00352,2025-02-25,completed,sport,380.99,19.05
ORD000526,CUST00496,2024-10-01,completed,beauty,77.75,0.0
ORD000527,CUST00108,2025-07-26,completed,beauty,158.75,15.88
ORD000528,CUST00440,2025-02-14,completed,fashion,165.57,0.0
ORD000529,CUST00033,2025-09-26,cancelled,sport,309.35,0.0
ORD000530,CUST00065,2025-06-27,completed,electronics,381.16,38.12
ORD000531,CUST00273,2025-12-02,completed,home,200.84,0.0
ORD000532,CUST00224,2025-06-01,completed,beauty,355.75,0.0
ORD000533,CUST00008,2025-07-03,completed,electronics,282.13,14.11
ORD000534,CUST00055,2025-11-02,completed,beauty,392.17,0.0
ORD000535,CUST00158,2025-03-05,completed,home,129.39,6.47
ORD000536,CUST00172,2024-07-06,completed,home,421.8,42.18
ORD000537,CUST00368,2025-02-05,completed,home,435.21,0.0
ORD000538,CUST00059,2024-11-20,completed,fashion,75.71,0.0
ORD000539,CUST00409,2025-06-02,completed,electronics,50.91,7.64
ORD000540,CUST00257,2025-04-21,completed,sport,50.78,0.0
ORD000541,CUST00266,2024-02-01,completed,home,347.68,34.77
ORD000542,CUST00227,2025-08-30,completed,beauty,159.8,7.99
ORD000543,CUST00127,2025-10-13,completed,fashion,109.22,10.92
ORD000544,CUST00118,2025-11-18,completed,electronics,70.42,10.56
ORD000545,CUST00282,2025-10-16,completed,home,267.36,40.1
ORD000546,CUST00320,2025-04-29,completed,electronics,270.62,40.59
ORD000547,CUST00269,2025-10-12,completed,fashion,239.44,11.97
ORD000548,CUST00071,2025-05-11,refunded,sport,212.12,0.0
ORD000549,CUST00140,2025-03-22,completed,fashion,221.27,33.19
ORD000550,CUST00239,2024-03-06,completed,beauty,127.85,0.0
ORD000551,CUST00435,2025-07-18,completed,sport,166.25,16.62
ORD000552,CUST00372,2024-01-18,completed,sport,180.13,0.0
ORD000553,CUST00153,2025-06-05,completed,fashion,438.54,21.93
ORD000554,CUST00473,2025-03-23,completed,sport,328.42,0.0
ORD000555,CUST00459,2025-04-19,cancelled,fashion,271.76,13.59
ORD000556,CUST00138,2025-10-04,completed,electronics,184.15,0.0
ORD000557,CUST00073,2025-08-28,completed,electronics,361.56,54.23
ORD000558,CUST00297,2024-11-13,completed,sport,269.87,40.48
ORD000559,CUST00424,2025-06-08,completed,fashion,55.04,0.0
ORD000560,CUST00071,2024-08-08,completed,electronics,342.07,0.0
ORD000561,CUST00071,2025-04-05,completed,home,106.44,10.64
ORD000562,CUST00017,2025-07-28,completed,home,62.06,3.1
ORD000563,CUST00085,2025-03-17,completed,beauty,15.53,1.55
ORD000564,CUST00256,2025-07-13,completed,fashion,282.3,0.0
ORD000565,CUST00091,2025-02-23,refunded,fashion,202.45,10.12
ORD000566,CUST00147,2024-10-16,completed,beauty,139.82,0.0
ORD000567,CUST00240,2025-10-12,cancelled,fashion,149.67,0.0
ORD000568,CUST00040,2024-07-18,completed,fashion,445.31,0.0
ORD000569,CUST00119,2025-09-08,cancelled,fashion,366.5,0.0
ORD000570,CUST00229,2024-08-31,refunded,home,224.28,0.0
ORD000571,CUST00281,2025-07-24,completed,home,48.56,2.43
ORD000572,CUST00391,2025-07-25,completed,fashion,281.55,28.16
ORD000573,CUST00071,2024-12-05,completed,electronics,411.52,61.73
ORD000574,CUST00077,2025-09-26,refunded,sport,174.07,17.41
ORD000575,CUST00315,2025-05-28,completed,fashion,283.29,42.49
ORD000576,CUST00011,2025-02-23,completed,home,131.25,0.0
ORD000577,CUST00240,2025-06-13,completed,beauty,210.98,0.0
ORD000578,CUST00256,2025-09-25,completed,fashion,332.77,49.92
ORD000579,CUST00431,2025-07-30,completed,home,325.1,0.0
ORD000580,CUST00377,2025-10-04,completed,electronics,277.08,13.85
ORD000581,CUST00053,2025-01-23,completed,beauty,177.63,26.64
ORD000582,CUST00410,2025-03-28,completed,electronics,106.74,16.01
ORD000583,CUST00067,2025-05-06,completed,sport,364.88,0.0
ORD000584,CUST00372,2024-08-10,cancelled,beauty,263.77,0.0
ORD000585,CUST00271,2025-07-26,completed,electronics,107.97,0.0
ORD000586,CUST00410,2025-04-21,completed,home,387.75,38.78
ORD000587,CUST00258,2025-11-02,completed,beauty,97.83,0.0
ORD000588,CUST00180,2024-05-14,completed,sport,228.53,0.0
ORD000589,CUST00080,2025-03-25,completed,fashion,63.04,0.0
ORD000590,CUST00121,2025-04-15,completed,sport,369.13,36.91
ORD000591,CUST00016,2025-05-17,completed,home,439.5,65.92
ORD000592,CUST00292,2026-02-21,completed,sport,297.17,0.0
ORD000593,CUST00364,2025-04-18,completed,electronics,334.26,50.14
ORD000594,CUST00289,2024-08-28,completed,fashion,370.55,0.0
ORD000595,CUST00177,2025-08-07,completed,fashion,267.8,0.0
ORD000596,CUST00038,2024-05-19,cancelled,beauty,398.96,39.9
ORD000597,CUST00003,2024-02-19,refunded,fashion,32.44,0.0
ORD000598,CUST00066,2024-04-09,completed,electronics,72.1,0.0
ORD000599,CUST00278,2025-09-15,completed,electronics,327.55,16.38
ORD000600,CUST00271,2025-12-19,completed,electronics,141.79,7.09
ORD000601,CUST00435,2025-04-25,completed,home,384.39,0.0
ORD000602,CUST00241,2025-04-11,completed,sport,366.85,0.0
ORD000603,CUST00315,2024-10-25,completed,sport,408.48,0.0
ORD000604,CUST00023,2025-02-07,completed,sport,40.36,2.02
ORD000605,CUST00272,2026-03-06,completed,fashion,326.88,0.0
ORD000606,CUST00239,2024-05-18,completed,electronics,23.66,0.0
ORD000607,CUST00079,2025-04-18,cancelled,fashion,163.02,8.15
ORD000608,CUST00065,2025-04-10,completed,home,428.78,64.32
ORD000609,CUST00080,2025-01-25,cancelled,sport,302.55,15.13
ORD000610,CUST00417,2025-02-12,completed,beauty,291.53,0.0
ORD000611,CUST00460,2024-12-29,completed,beauty,195.82,9.79
ORD000612,CUST00396,2024-12-05,completed,home,387.76,0.0
ORD000613,CUST00085,2025-08-05,completed,electronics,22.55,0.0
ORD000614,CUST00109,2025-10-19,completed,beauty,209.6,0.0
ORD000615,CUST00375,2025-03-16,completed,fashion,221.5,22.15
ORD000616,CUST00098,2025-04-25,completed,sport,383.48,57.52
ORD000617,CUST00354,2025-10-12,completed,fashion,200.96,0.0
ORD000618,CUST00446,2024-05-24,completed,electronics,131.83,0.0
ORD000619,CUST00176,2024-08-28,completed,beauty,229.81,0.0
ORD000620,CUST00276,2025-11-21,refunded,electronics,205.13,0.0
ORD000621,CUST00019,2024-03-15,cancelled,sport,275.33,0.0
ORD000622,CUST00460,2025-02-09,completed,sport,333.3,16.67
ORD000623,CUST00386,2025-03-05,completed,home,287.09,0.0
ORD000624,CUST00261,2025-03-21,completed,sport,39.4,1.97
ORD000625,CUST00329,2025-06-09,refunded,home,404.49,0.0
ORD000626,CUST00497,2025-02-15,completed,electronics,309.09,0.0
ORD000627,CUST00258,2025-11-05,completed,home,350.96,17.55
ORD000628,CUST00051,2025-05-01,completed,sport,419.1,0.0
ORD000629,CUST00070,2024-10-19,completed,home,304.4,30.44
ORD000630,CUST00141,2025-02-19,completed,electronics,420.78,0.0
ORD000631,CUST00054,2025-01-24,completed,home,53.12,5.31
ORD000632,CUST00367,2024-08-03,cancelled,fashion,253.88,0.0
ORD000633,CUST00316,2024-08-02,completed,home,190.28,0.0
ORD000634,CUST00233,2025-06-29,completed,fashion,389.88,19.49
ORD000635,CUST00118,2025-09-18,completed,home,44.05,2.2
ORD000636,CUST00099,2025-05-04,completed,sport,143.12,21.47
ORD000637,CUST00250,2025-02-17,completed,electronics,266.26,0.0
ORD000638,CUST00274,2025-03-20,cancelled,beauty,86.79,13.02
ORD000639,CUST00240,2025-11-10,completed,sport,351.95,52.79
ORD000640,CUST00311,2025-09-15,completed,home,203.91,0.0
ORD000641,CUST00060,2025-05-28,completed,sport,372.03,0.0
ORD000642,CUST00497,2025-02-22,completed,electronics,390.78,0.0
ORD000643,CUST00420,2025-06-14,completed,electronics,266.08,0.0
ORD000644,CUST00247,2024-10-31,completed,sport,147.34,0.0
ORD000645,CUST00415,2024-07-24,completed,fashion,229.48,0.0
ORD000646,CUST00354,2025-12-30,completed,fashion,431.63,43.16
ORD000647,CUST00257,2026-01-23,completed,beauty,266.81,26.68
ORD000648,CUST00062,2024-09-25,completed,fashion,186.69,9.33
ORD000649,CUST00129,2025-01-28,completed,home,362.39,18.12
ORD000650,CUST00342,2025-01-01,completed,sport,195.98,19.6
ORD000651,CUST00341,2024-10-17,completed,electronics,164.26,0.0
ORD000652,CUST00006,2024-07-19,completed,sport,167.12,0.0
ORD000653,CUST00398,2026-01-30,completed,home,287.48,0.0
ORD000654,CUST00382,2024-07-16,completed,sport,327.78,0.0
ORD000655,CUST00266,2024-07-02,completed,sport,141.26,14.13
ORD000656,CUST00123,2024-08-14,cancelled,beauty,377.7,0.0
ORD000657,CUST00372,2024-03-27,cancelled,sport,382.86,19.14
ORD000658,CUST00402,2024-12-24,completed,fashion,231.06,34.66
ORD000659,CUST00071,2025-04-02,completed,beauty,257.26,12.86
ORD000660,CUST00045,2024-11-16,completed,fashion,55.8,0.0
ORD000661,CUST00146,2024-03-18,completed,fashion,434.46,21.72
ORD000662,CUST00224,2024-12-07,completed,electronics,153.92,0.0
ORD000663,CUST00243,2024-12-26,completed,sport,233.36,35.0
ORD000664,CUST00003,2024-02-06,completed,electronics,27.3,0.0
ORD000665,CUST00117,2024-05-19,completed,fashion,379.61,56.94
ORD000666,CUST00370,2024-07-14,completed,home,253.19,0.0
ORD000667,CUST00469,2024-11-22,completed,sport,331.09,0.0
ORD000668,CUST00083,2024-08-23,completed,electronics,291.76,43.76
ORD000669,CUST00298,2024-04-12,completed,home,229.03,0.0
ORD000670,CUST00148,2025-09-15,completed,home,324.15,0.0
ORD000671,CUST00194,2024-10-03,completed,beauty,415.08,0.0
ORD000672,CUST00288,2024-12-27,cancelled,sport,177.39,26.61
ORD000673,CUST00382,2024-05-29,completed,sport,187.77,0.0
ORD000674,CUST00390,2024-10-12,completed,sport,399.52,59.93
ORD000675,CUST00054,2025-03-13,completed,electronics,337.83,50.67
ORD000676,CUST00309,2024-05-20,completed,sport,279.9,0.0
ORD000677,CUST00404,2025-09-06,completed,beauty,242.14,0.0
ORD000678,CUST00178,2025-01-30,completed,sport,219.5,32.92
ORD000679,CUST00194,2025-05-31,cancelled,beauty,73.99,3.7
ORD000680,CUST00350,2025-10-05,completed,sport,182.49,18.25
ORD000681,CUST00447,2024-07-10,completed,electronics,440.47,22.02
ORD000682,CUST00346,2025-01-03,completed,home,199.58,9.98
ORD000683,CUST00234,2024-09-13,cancelled,sport,334.0,0.0
ORD000684,CUST00231,2025-09-28,completed,beauty,154.09,7.7
ORD000685,CUST00223,2024-10-19,completed,sport,304.44,45.67
ORD000686,CUST00009,2024-04-11,cancelled,beauty,153.37,23.01
ORD000687,CUST00269,2025-08-02,completed,fashion,332.99,16.65
ORD000688,CUST00429,2025-09-30,completed,electronics,136.38,0.0
ORD000689,CUST00475,2024-05-11,completed,home,259.64,12.98
ORD000690,CUST00230,2024-04-26,completed,home,295.48,29.55
ORD000691,CUST00134,2024-10-05,completed,fashion,338.39,0.0
ORD000692,CUST00042,2025-06-22,refunded,electronics,423.4,0.0
ORD000693,CUST00128,2025-02-26,completed,sport,159.54,7.98
ORD000694,CUST00299,2024-08-05,completed,fashion,235.94,0.0
ORD000695,CUST00366,2025-09-10,completed,beauty,370.32,0.0
ORD000696,CUST00204,2026-04-13,completed,sport,38.99,3.9
ORD000697,CUST00111,2026-01-20,completed,sport,28.87,2.89
ORD000698,CUST00372,2024-02-08,completed,electronics,307.45,46.12
ORD000699,CUST00214,2024-04-01,completed,home,303.07,0.0
ORD000700,CUST00380,2024-09-16,completed,electronics,148.35,14.84
ORD000701,CUST00289,2024-10-11,completed,sport,384.78,0.0
ORD000702,CUST00498,2025-03-28,completed,electronics,187.7,0.0
ORD000703,CUST00361,2024-08-24,completed,sport,83.88,8.39
ORD000704,CUST00324,2024-08-24,completed,fashion,179.05,0.0
ORD000705,CUST00217,2025-07-30,completed,sport,438.67,0.0
ORD000706,CUST00129,2024-10-11,completed,beauty,76.46,11.47
ORD000707,CUST00494,2024-11-26,completed,beauty,19.71,1.97
ORD000708,CUST00084,2025-06-25,completed,fashion,39.71,5.96
ORD000709,CUST00074,2025-04-26,completed,beauty,386.07,19.3
ORD000710,CUST00032,2024-11-13,completed,beauty,284.57,28.46
ORD000711,CUST00061,2025-01-30,completed,sport,131.48,0.0
ORD000712,CUST00294,2025-03-07,completed,electronics,402.34,20.12
ORD000713,CUST00466,2025-10-08,cancelled,electronics,254.39,38.16
ORD000714,CUST00077,2025-06-24,completed,sport,60.52,6.05
ORD000715,CUST00332,2025-06-02,completed,beauty,30.2,0.0
ORD000716,CUST00056,2024-04-01,completed,home,143.48,7.17
ORD000717,CUST00467,2024-07-05,completed,home,378.41,0.0
ORD000718,CUST00154,2024-06-18,completed,fashion,443.94,0.0
ORD000719,CUST00479,2024-12-09,completed,sport,47.62,0.0
ORD000720,CUST00045,2024-09-04,completed,fashion,191.69,0.0
ORD000721,CUST00196,2024-05-08,completed,sport,194.25,0.0
ORD000722,CUST00205,2025-09-02,completed,home,209.21,0.0
ORD000723,CUST00107,2024-10-16,completed,electronics,364.53,54.68
ORD000724,CUST00033,2026-02-13,completed,home,174.16,8.71
ORD000725,CUST00237,2024-06-13,completed,beauty,298.31,29.83
ORD000726,CUST00433,2025-09-20,completed,electronics,223.75,22.38
ORD000727,CUST00421,2024-09-06,completed,fashion,149.39,0.0
ORD000728,CUST00141,2025-03-01,completed,electronics,203.44,20.34
ORD000729,CUST00351,2024-07-18,completed,electronics,414.06,41.41
ORD000730,CUST00343,2025-05-03,completed,sport,167.76,0.0
ORD000731,CUST00142,2025-05-16,cancelled,sport,179.7,0.0
ORD000732,CUST00079,2025-09-16,completed,home,292.09,14.6
ORD000733,CUST00051,2025-04-27,completed,electronics,213.26,0.0
ORD000734,CUST00154,2024-11-14,completed,beauty,60.11,0.0
ORD000735,CUST00393,2024-07-02,refunded,home,117.45,11.75
ORD000736,CUST00388,2025-10-29,completed,electronics,333.8,33.38
ORD000737,CUST00295,2024-06-19,completed,electronics,172.63,17.26
ORD000738,CUST00197,2024-05-04,completed,fashion,309.12,0.0
ORD000739,CUST00419,2024-12-13,completed,fashion,268.4,0.0
ORD000740,CUST00447,2025-01-28,completed,electronics,227.97,0.0
ORD000741,CUST00356,2025-05-16,completed,electronics,142.49,14.25
ORD000742,CUST00072,2025-01-23,completed,electronics,410.9,0.0
ORD000743,CUST00453,2024-11-28,completed,electronics,393.87,39.39
ORD000744,CUST00263,2025-05-18,cancelled,fashion,446.87,44.69
ORD000745,CUST00138,2025-11-22,completed,beauty,229.83,0.0
ORD000746,CUST00231,2025-09-06,completed,electronics,326.16,16.31
ORD000747,CUST00252,2026-04-16,completed,sport,56.28,0.0
ORD000748,CUST00486,2025-02-15,completed,home,426.48,63.97
ORD000749,CUST00290,2024-05-20,completed,electronics,106.16,0.0
ORD000750,CUST00464,2025-01-02,completed,sport,202.82,30.42
ORD000751,CUST00440,2025-04-28,completed,electronics,327.49,0.0
ORD000752,CUST00395,2024-11-29,completed,electronics,448.84,67.33
ORD000753,CUST00295,2024-08-06,completed,beauty,360.12,54.02
ORD000754,CUST00047,2026-01-24,completed,sport,246.36,24.64
ORD000755,CUST00089,2025-01-01,completed,beauty,70.93,0.0
ORD000756,CUST00281,2025-04-22,completed,beauty,57.09,0.0
ORD000757,CUST00067,2025-10-07,completed,home,107.19,5.36
ORD000758,CUST00330,2026-01-13,cancelled,fashion,76.56,11.48
ORD000759,CUST00112,2024-06-08,refunded,fashion,124.71,6.24
ORD000760,CUST00232,2025-09-17,completed,electronics,185.84,27.88
ORD000761,CUST00082,2024-11-21,completed,sport,142.72,0.0
ORD000762,CUST00399,2025-04-01,cancelled,home,250.55,12.53
ORD000763,CUST00313,2024-12-17,completed,electronics,217.53,32.63
ORD000764,CUST00227,2025-10-25,completed,electronics,133.79,0.0
ORD000765,CUST00177,2025-08-30,completed,beauty,305.46,0.0
ORD000766,CUST00354,2025-12-01,completed,sport,167.16,0.0
ORD000767,CUST00127,2025-07-22,completed,sport,378.59,56.79
ORD000768,CUST00387,2025-09-17,completed,sport,177.78,17.78
ORD000769,CUST00189,2024-07-15,cancelled,sport,342.77,51.42
ORD000770,CUST00231,2025-10-19,completed,fashion,366.96,18.35
ORD000771,CUST00368,2025-03-07,completed,beauty,338.59,50.79
ORD000772,CUST00015,2025-09-16,completed,electronics,165.63,24.84
ORD000773,CUST00054,2025-05-22,cancelled,fashion,96.43,0.0
ORD000774,CUST00338,2025-07-04,completed,home,69.34,6.93
ORD000775,CUST00281,2025-09-30,completed,fashion,240.33,24.03
ORD000776,CUST00220,2025-05-27,completed,fashion,417.66,62.65
ORD000777,CUST00003,2024-07-11,completed,electronics,254.05,38.11
ORD000778,CUST00441,2025-05-05,cancelled,beauty,236.29,0.0
ORD000779,CUST00329,2025-08-06,cancelled,fashion,273.38,27.34
ORD000780,CUST00088,2025-04-13,completed,electronics,71.28,0.0
ORD000781,CUST00003,2024-11-26,completed,home,77.73,11.66
ORD000782,CUST00348,2025-09-07,completed,fashion,50.67,0.0
ORD000783,CUST00251,2025-06-12,completed,electronics,382.95,38.3
ORD000784,CUST00086,2025-09-09,completed,fashion,21.72,3.26
ORD000785,CUST00087,2025-06-12,completed,home,417.15,0.0
ORD000786,CUST00429,2026-01-31,completed,sport,358.5,35.85
ORD000787,CUST00127,2025-11-04,completed,home,315.72,47.36
ORD000788,CUST00476,2024-07-31,completed,fashion,358.6,0.0
ORD000789,CUST00431,2025-05-25,completed,beauty,254.66,38.2
ORD000790,CUST00243,2024-02-26,completed,electronics,224.31,22.43
ORD000791,CUST00252,2025-07-27,completed,sport,36.41,1.82
ORD000792,CUST00168,2025-08-07,completed,sport,20.87,2.09
ORD000793,CUST00408,2024-11-11,completed,electronics,265.52,39.83
ORD000794,CUST00278,2025-05-05,completed,fashion,170.79,0.0
ORD000795,CUST00331,2026-01-17,completed,electronics,181.69,0.0
ORD000796,CUST00494,2025-01-25,completed,home,327.6,49.14
ORD000797,CUST00296,2025-03-16,cancelled,electronics,59.72,2.99
ORD000798,CUST00192,2024-11-15,cancelled,sport,117.1,0.0
ORD000799,CUST00369,2026-01-20,completed,sport,69.74,0.0
ORD000800,CUST00345,2024-08-04,completed,sport,78.51,7.85
ORD000801,CUST00219,2025-02-22,completed,fashion,314.97,0.0
ORD000802,CUST00358,2024-06-06,refunded,beauty,420.1,63.02
ORD000803,CUST00277,2025-11-17,completed,fashion,47.37,0.0
ORD000804,CUST00415,2025-01-09,completed,sport,405.34,60.8
ORD000805,CUST00473,2025-06-18,completed,electronics,155.95,7.8
ORD000806,CUST00404,2026-03-08,completed,beauty,307.1,46.07
ORD000807,CUST00027,2024-07-10,completed,electronics,53.41,0.0
ORD000808,CUST00119,2025-06-09,completed,home,189.7,0.0
ORD000809,CUST00320,2024-10-23,completed,fashion,421.05,0.0
ORD000810,CUST00137,2025-03-30,refunded,home,342.68,0.0
ORD000811,CUST00165,2024-10-28,refunded,beauty,419.96,62.99
ORD000812,CUST00216,2025-06-20,completed,home,62.95,9.44
ORD000813,CUST00342,2025-01-28,completed,electronics,39.56,0.0
ORD000814,CUST00176,2024-09-11,completed,electronics,407.18,0.0
ORD000815,CUST00433,2025-07-29,completed,sport,284.99,0.0
ORD000816,CUST00132,2025-04-27,completed,beauty,64.88,0.0
ORD000817,CUST00167,2025-04-16,completed,beauty,222.0,0.0
ORD000818,CUST00335,2025-01-29,completed,fashion,253.69,0.0
ORD000819,CUST00046,2024-12-29,completed,electronics,407.05,0.0
ORD000820,CUST00359,2025-01-13,completed,electronics,40.27,0.0
ORD000821,CUST00003,2024-08-24,completed,home,86.61,0.0
ORD000822,CUST00121,2024-09-27,completed,home,351.28,35.13
ORD000823,CUST00042,2025-07-20,completed,sport,300.51,0.0
ORD000824,CUST00250,2025-09-19,completed,electronics,158.7,0.0
ORD000825,CUST00231,2025-12-17,completed,beauty,138.97,0.0
ORD000826,CUST00297,2025-05-29,cancelled,fashion,32.75,4.91
ORD000827,CUST00139,2025-03-19,completed,fashion,126.61,12.66
ORD000828,CUST00015,2025-07-04,completed,sport,36.49,0.0
ORD000829,CUST00450,2024-09-18,completed,home,17.5,1.75
ORD000830,CUST00206,2025-12-22,completed,fashion,277.25,41.59
ORD000831,CUST00097,2025-06-19,completed,beauty,219.73,0.0
ORD000832,CUST00410,2025-01-15,completed,fashion,346.58,51.99
ORD000833,CUST00363,2024-11-22,completed,sport,16.27,1.63
ORD000834,CUST00291,2024-10-25,completed,sport,202.33,0.0
ORD000835,CUST00060,2024-10-12,completed,electronics,62.96,6.3
ORD000836,CUST00227,2026-02-04,completed,sport,57.61,0.0
ORD000837,CUST00084,2024-09-25,completed,beauty,157.75,23.66
ORD000838,CUST00149,2024-11-06,completed,sport,315.4,47.31
ORD000839,CUST00101,2024-12-11,completed,beauty,243.48,36.52
ORD000840,CUST00198,2024-10-13,completed,home,260.64,0.0
ORD000841,CUST00471,2025-10-16,refunded,beauty,61.11,0.0
ORD000842,CUST00265,2025-07-27,completed,sport,69.03,3.45
ORD000843,CUST00448,2025-08-24,refunded,fashion,321.69,48.25
ORD000844,CUST00091,2025-01-03,completed,fashion,216.99,32.55
ORD000845,CUST00012,2025-06-11,completed,beauty,243.48,12.17
ORD000846,CUST00066,2024-07-17,refunded,sport,90.17,0.0
ORD000847,CUST00279,2024-11-13,completed,electronics,337.17,33.72
ORD000848,CUST00085,2025-07-03,completed,electronics,57.85,0.0
ORD000849,CUST00280,2024-12-20,completed,home,233.75,0.0
ORD000850,CUST00065,2024-12-28,completed,electronics,204.11,30.62
ORD000851,CUST00032,2025-02-19,cancelled,sport,425.11,0.0
ORD000852,CUST00228,2025-09-16,completed,home,55.22,0.0
ORD000853,CUST00153,2025-04-06,completed,sport,361.88,18.09
ORD000854,CUST00341,2025-01-27,completed,sport,185.06,0.0
ORD000855,CUST00438,2025-03-30,completed,home,382.6,57.39
ORD000856,CUST00015,2025-12-06,refunded,home,160.61,24.09
ORD000857,CUST00160,2026-04-10,completed,fashion,297.39,0.0
ORD000858,CUST00425,2025-03-21,completed,beauty,122.08,12.21
ORD000859,CUST00419,2024-09-15,completed,electronics,439.63,65.94
ORD000860,CUST00235,2024-10-10,completed,fashion,190.01,0.0
ORD000861,CUST00434,2025-02-17,completed,electronics,94.06,0.0
ORD000862,CUST00429,2025-11-19,completed,beauty,273.27,0.0
ORD000863,CUST00472,2024-09-18,completed,home,43.58,0.0
ORD000864,CUST00189,2024-03-03,completed,beauty,205.38,0.0
ORD000865,CUST00115,2025-03-25,completed,sport,361.88,18.09
ORD000866,CUST00025,2024-04-21,completed,electronics,446.43,22.32
ORD000867,CUST00392,2025-08-16,completed,fashion,104.75,10.48
ORD000868,CUST00184,2025-03-03,cancelled,beauty,15.53,0.78
ORD000869,CUST00089,2025-06-24,completed,fashion,234.65,0.0
ORD000870,CUST00406,2025-04-03,completed,fashion,160.93,0.0
ORD000871,CUST00423,2025-09-29,cancelled,sport,398.77,0.0
ORD000872,CUST00066,2024-06-29,completed,electronics,351.97,0.0
ORD000873,CUST00027,2024-09-11,completed,electronics,414.13,0.0
ORD000874,CUST00142,2025-11-16,completed,electronics,149.36,7.47
ORD000875,CUST00279,2025-03-25,completed,home,64.24,0.0
ORD000876,CUST00207,2025-02-16,completed,fashion,110.67,5.53
ORD000877,CUST00487,2025-11-22,cancelled,electronics,162.68,24.4
ORD000878,CUST00398,2026-02-24,completed,fashion,421.13,0.0
ORD000879,CUST00194,2025-01-20,completed,sport,63.18,0.0
ORD000880,CUST00213,2024-09-03,completed,beauty,241.6,0.0
ORD000881,CUST00197,2024-04-25,completed,fashion,106.02,0.0
ORD000882,CUST00068,2024-12-19,completed,sport,344.8,34.48
ORD000883,CUST00024,2025-07-23,completed,home,237.67,0.0
ORD000884,CUST00173,2025-07-06,completed,electronics,368.42,55.26
ORD000885,CUST00460,2024-10-05,cancelled,fashion,342.74,0.0
ORD000886,CUST00054,2025-07-20,completed,fashion,433.76,65.06
ORD000887,CUST00149,2024-01-22,cancelled,electronics,48.91,4.89
ORD000888,CUST00304,2025-04-11,completed,home,318.34,0.0
ORD000889,CUST00452,2025-10-29,cancelled,beauty,335.54,33.55
ORD000890,CUST00078,2025-04-11,completed,electronics,211.32,0.0
ORD000891,CUST00249,2024-06-06,completed,home,33.79,0.0
ORD000892,CUST00354,2026-02-20,completed,home,68.13,3.41
ORD000893,CUST00195,2024-11-20,refunded,fashion,367.43,55.11
ORD000894,CUST00107,2024-05-05,completed,fashion,71.75,0.0
ORD000895,CUST00067,2025-04-02,refunded,beauty,210.79,10.54
ORD000896,CUST00160,2025-10-16,refunded,home,303.0,0.0
ORD000897,CUST00470,2025-06-23,completed,fashion,285.82,14.29
ORD000898,CUST00470,2025-06-13,completed,fashion,152.78,15.28
ORD000899,CUST00227,2025-03-26,completed,sport,438.39,65.76
ORD000900,CUST00109,2025-04-03,completed,home,219.95,32.99
ORD000901,CUST00065,2024-09-09,completed,electronics,325.6,0.0
ORD000902,CUST00256,2025-03-17,completed,electronics,48.84,4.88
ORD000903,CUST00016,2025-01-21,completed,fashion,35.9,0.0
ORD000904,CUST00332,2024-12-04,completed,beauty,163.08,8.15
ORD000905,CUST00274,2025-07-24,completed,sport,53.69,0.0
ORD000906,CUST00432,2026-04-18,completed,fashion,220.4,33.06
ORD000907,CUST00070,2025-03-05,completed,sport,353.8,0.0
ORD000908,CUST00464,2024-09-26,completed,fashion,18.55,0.0
ORD000909,CUST00093,2025-10-07,completed,beauty,251.55,0.0
ORD000910,CUST00396,2025-02-22,completed,home,330.42,16.52
ORD000911,CUST00237,2025-01-31,completed,sport,151.79,0.0
ORD000912,CUST00181,2025-11-10,refunded,home,256.05,0.0
ORD000913,CUST00217,2025-05-20,completed,home,87.29,13.09
ORD000914,CUST00176,2024-08-08,completed,electronics,128.81,19.32
ORD000915,CUST00486,2025-01-09,completed,beauty,331.28,0.0
ORD000916,CUST00279,2024-11-16,completed,home,78.07,0.0
ORD000917,CUST00348,2025-09-13,completed,beauty,362.27,0.0
ORD000918,CUST00404,2025-10-16,completed,beauty,243.49,36.52
ORD000919,CUST00399,2025-06-09,completed,home,334.82,0.0
ORD000920,CUST00042,2025-03-13,completed,fashion,288.75,14.44
ORD000921,CUST00318,2026-03-21,completed,electronics,72.64,10.9
ORD000922,CUST00246,2025-03-03,completed,home,358.35,0.0
ORD000923,CUST00120,2025-05-24,completed,beauty,190.4,0.0
ORD000924,CUST00060,2024-11-18,completed,home,276.47,0.0
ORD000925,CUST00188,2025-05-14,cancelled,fashion,330.11,0.0
ORD000926,CUST00227,2025-06-18,completed,beauty,19.57,0.98
ORD000927,CUST00226,2024-12-12,completed,beauty,284.79,42.72
ORD000928,CUST00288,2024-03-22,completed,fashion,281.02,42.15
ORD000929,CUST00131,2025-02-20,completed,beauty,84.99,12.75
ORD000930,CUST00176,2024-07-26,completed,sport,370.28,0.0
ORD000931,CUST00488,2025-03-03,completed,sport,83.82,12.57
ORD000932,CUST00422,2024-05-22,completed,home,328.74,49.31
ORD000933,CUST00007,2025-11-27,completed,home,232.66,23.27
ORD000934,CUST00174,2024-02-25,completed,home,185.18,0.0
ORD000935,CUST00049,2024-02-23,completed,home,72.9,7.29
ORD000936,CUST00203,2025-06-24,completed,beauty,219.22,32.88
ORD000937,CUST00475,2024-05-04,completed,home,395.86,0.0
ORD000938,CUST00118,2025-09-27,completed,home,431.89,0.0
ORD000939,CUST00447,2024-10-23,completed,electronics,374.13,0.0
ORD000940,CUST00364,2024-10-20,completed,electronics,211.79,0.0
ORD000941,CUST00036,2024-09-19,completed,sport,341.07,0.0
ORD000942,CUST00134,2024-08-24,completed,electronics,160.13,0.0
ORD000943,CUST00065,2024-10-27,completed,sport,409.77,61.47
ORD000944,CUST00332,2025-07-26,completed,fashion,58.56,0.0
ORD000945,CUST00498,2024-11-29,refunded,electronics,396.06,0.0
ORD000946,CUST00284,2025-08-18,completed,sport,324.93,0.0
ORD000947,CUST00360,2025-06-18,completed,electronics,95.62,14.34
ORD000948,CUST00085,2025-04-27,cancelled,beauty,367.09,18.35
ORD000949,CUST00469,2025-09-17,completed,beauty,371.75,55.76
ORD000950,CUST00446,2024-11-04,completed,fashion,253.16,25.32
ORD000951,CUST00194,2025-03-23,completed,electronics,41.26,0.0
ORD000952,CUST00307,2025-02-22,completed,sport,157.57,0.0
ORD000953,CUST00338,2025-06-14,completed,home,304.59,30.46
ORD000954,CUST00303,2025-03-28,completed,home,76.39,0.0
ORD000955,CUST00171,2024-12-18,completed,home,85.38,0.0
ORD000956,CUST00351,2024-05-19,completed,sport,127.43,6.37
ORD000957,CUST00114,2025-03-31,completed,beauty,221.87,0.0
ORD000958,CUST00153,2025-03-06,completed,sport,288.98,0.0
ORD000959,CUST00090,2025-04-30,completed,home,284.51,0.0
ORD000960,CUST00488,2025-08-05,completed,home,402.04,0.0
ORD000961,CUST00164,2025-07-14,completed,sport,187.54,28.13
ORD000962,CUST00430,2024-09-18,cancelled,fashion,168.03,0.0
ORD000963,CUST00199,2025-02-20,completed,sport,174.81,0.0
ORD000964,CUST00418,2024-05-19,completed,fashion,38.4,0.0
ORD000965,CUST00287,2024-10-15,completed,sport,266.53,0.0
ORD000966,CUST00077,2025-12-25,completed,beauty,258.19,38.73
ORD000967,CUST00449,2024-10-25,completed,electronics,244.86,0.0
ORD000968,CUST00205,2025-09-06,cancelled,fashion,401.82,60.27
ORD000969,CUST00272,2025-12-15,completed,electronics,150.56,0.0
ORD000970,CUST00161,2024-06-14,completed,electronics,339.86,16.99
ORD000971,CUST00486,2025-04-10,cancelled,fashion,347.94,17.4
ORD000972,CUST00335,2025-02-26,completed,home,292.52,14.63
ORD000973,CUST00362,2025-07-01,cancelled,home,34.61,5.19
ORD000974,CUST00028,2024-10-25,completed,beauty,142.8,0.0
ORD000975,CUST00292,2026-04-24,refunded,beauty,276.91,13.85
ORD000976,CUST00376,2025-02-27,completed,sport,51.24,0.0
ORD000977,CUST00190,2025-11-01,completed,electronics,166.41,16.64
ORD000978,CUST00380,2024-10-25,cancelled,sport,89.24,0.0
ORD000979,CUST00388,2025-10-16,completed,electronics,290.35,0.0
ORD000980,CUST00394,2025-10-09,completed,sport,60.44,0.0
ORD000981,CUST00441,2025-04-14,completed,electronics,369.44,0.0
ORD000982,CUST00166,2025-10-08,completed,sport,376.09,0.0
ORD000983,CUST00059,2024-08-20,completed,electronics,349.04,0.0
ORD000984,CUST00204,2026-03-11,completed,beauty,308.32,0.0
ORD000985,CUST00434,2025-05-03,completed,sport,114.94,11.49
ORD000986,CUST00159,2026-01-25,completed,electronics,274.42,0.0
ORD000987,CUST00463,2025-07-15,completed,sport,367.52,0.0
ORD000988,CUST00155,2024-08-10,completed,beauty,425.9,21.3
ORD000989,CUST00421,2025-01-11,completed,beauty,203.54,0.0
ORD000990,CUST00144,2024-09-02,completed,sport,347.04,17.35
ORD000991,CUST00176,2024-11-09,completed,home,207.83,10.39
ORD000992,CUST00122,2025-05-07,completed,electronics,442.74,0.0
ORD000993,CUST00491,2025-10-07,completed,fashion,175.54,0.0
ORD000994,CUST00160,2025-07-28,cancelled,beauty,66.19,6.62
ORD000995,CUST00155,2025-02-07,completed,fashion,151.81,22.77
ORD000996,CUST00140,2025-01-14,completed,electronics,53.19,0.0
ORD000997,CUST00014,2024-10-27,completed,sport,364.68,36.47
ORD000998,CUST00104,2024-06-26,completed,home,263.65,0.0
ORD000999,CUST00040,2024-07-14,completed,electronics,337.56,0.0
ORD001000,CUST00332,2025-07-01,completed,sport,218.33,32.75
ORD001001,CUST00048,2025-03-07,completed,sport,262.37,0.0
ORD001002,CUST00446,2024-06-26,cancelled,electronics,97.14,9.71
ORD001003,CUST00096,2024-03-02,completed,sport,155.12,23.27
ORD001004,CUST00079,2025-03-27,cancelled,sport,222.86,0.0
ORD001005,CUST00496,2024-05-15,completed,beauty,33.79,0.0
ORD001006,CUST00265,2025-04-23,completed,home,333.53,16.68
ORD001007,CUST00084,2025-02-27,completed,beauty,309.43,46.41
ORD001008,CUST00032,2025-01-08,completed,home,396.9,59.53
ORD001009,CUST00422,2024-09-06,completed,fashion,204.82,30.72
ORD001010,CUST00472,2024-03-25,completed,beauty,319.07,31.91
ORD001011,CUST00077,2025-06-03,completed,electronics,351.6,52.74
ORD001012,CUST00369,2026-02-06,completed,beauty,439.71,43.97
ORD001013,CUST00483,2024-09-29,completed,home,438.69,65.8
ORD001014,CUST00180,2024-08-23,completed,sport,426.51,0.0
ORD001015,CUST00089,2025-09-10,cancelled,sport,23.86,0.0
ORD001016,CUST00369,2025-10-26,completed,electronics,387.8,38.78
ORD001017,CUST00490,2024-03-27,completed,beauty,136.15,0.0
ORD001018,CUST00265,2025-01-30,completed,sport,72.37,3.62
ORD001019,CUST00497,2025-01-10,completed,home,143.79,21.57
ORD001020,CUST00414,2025-09-14,completed,home,129.83,6.49
ORD001021,CUST00042,2025-04-25,completed,fashion,228.39,22.84
ORD001022,CUST00206,2025-02-21,completed,fashion,202.61,20.26
ORD001023,CUST00128,2025-07-29,completed,electronics,431.73,0.0
ORD001024,CUST00350,2025-02-20,completed,beauty,248.31,12.42
ORD001025,CUST00375,2025-11-04,completed,home,131.62,0.0
ORD001026,CUST00104,2024-04-29,completed,electronics,79.92,0.0
ORD001027,CUST00066,2024-11-30,completed,fashion,188.44,0.0
ORD001028,CUST00407,2025-09-21,completed,fashion,371.39,0.0
ORD001029,CUST00117,2024-04-12,completed,fashion,113.09,0.0
ORD001030,CUST00138,2025-06-25,cancelled,sport,398.2,0.0
ORD001031,CUST00110,2025-03-16,completed,home,295.26,0.0
ORD001032,CUST00388,2025-12-05,completed,fashion,273.77,27.38
ORD001033,CUST00344,2024-06-13,completed,fashion,430.67,0.0
ORD001034,CUST00258,2025-08-05,completed,electronics,388.14,19.41
ORD001035,CUST00309,2024-12-10,completed,electronics,50.27,5.03
ORD001036,CUST00393,2024-10-27,completed,fashion,78.82,0.0
ORD001037,CUST00330,2025-09-27,completed,fashion,342.44,0.0
ORD001038,CUST00042,2025-03-12,completed,home,170.37,0.0
ORD001039,CUST00229,2024-03-29,completed,home,27.13,0.0
ORD001040,CUST00265,2025-08-28,cancelled,home,292.1,14.61
ORD001041,CUST00396,2024-12-05,completed,sport,91.17,0.0
ORD001042,CUST00350,2025-07-13,completed,sport,109.99,0.0
ORD001043,CUST00441,2025-01-25,completed,home,243.23,12.16
ORD001044,CUST00434,2025-01-30,completed,beauty,36.92,0.0
ORD001045,CUST00338,2024-11-19,completed,electronics,355.1,0.0
ORD001046,CUST00328,2026-02-02,completed,beauty,430.39,64.56
ORD001047,CUST00248,2024-09-29,refunded,beauty,169.74,16.97
ORD001048,CUST00464,2025-03-01,refunded,home,331.33,49.7
ORD001049,CUST00240,2025-09-30,completed,sport,159.59,0.0
ORD001050,CUST00109,2025-11-16,completed,fashion,271.57,0.0
ORD001051,CUST00127,2026-02-15,completed,home,446.55,44.66
ORD001052,CUST00401,2024-11-26,completed,beauty,273.45,0.0
ORD001053,CUST00195,2024-07-20,refunded,sport,88.41,13.26
ORD001054,CUST00062,2024-04-13,completed,sport,407.14,20.36
ORD001055,CUST00324,2024-10-07,completed,sport,250.32,25.03
ORD001056,CUST00181,2025-03-31,completed,home,300.8,15.04
ORD001057,CUST00219,2024-08-06,cancelled,fashion,326.73,16.34
ORD001058,CUST00028,2024-09-02,completed,electronics,331.21,0.0
ORD001059,CUST00058,2024-09-21,completed,beauty,158.6,23.79
ORD001060,CUST00233,2026-01-27,cancelled,electronics,223.76,0.0
ORD001061,CUST00023,2025-02-21,completed,home,147.09,0.0
ORD001062,CUST00355,2025-05-21,completed,electronics,358.73,35.87
ORD001063,CUST00403,2025-12-23,cancelled,beauty,319.93,16.0
ORD001064,CUST00266,2024-09-25,completed,home,22.89,0.0
ORD001065,CUST00385,2025-09-14,completed,electronics,110.31,16.55
ORD001066,CUST00471,2025-02-26,completed,sport,112.59,0.0
ORD001067,CUST00246,2025-04-01,completed,electronics,322.48,48.37
ORD001068,CUST00415,2024-07-03,completed,sport,99.44,0.0
ORD001069,CUST00483,2024-06-03,completed,electronics,175.59,0.0
ORD001070,CUST00424,2025-09-21,completed,sport,110.72,0.0
ORD001071,CUST00190,2025-01-20,completed,sport,132.7,13.27
ORD001072,CUST00056,2024-12-26,completed,sport,320.27,32.03
ORD001073,CUST00237,2024-09-27,completed,fashion,92.18,9.22
ORD001074,CUST00448,2025-10-17,completed,sport,285.54,0.0
ORD001075,CUST00121,2025-04-28,completed,electronics,187.31,18.73
ORD001076,CUST00323,2024-03-12,completed,beauty,28.58,1.43
ORD001077,CUST00288,2024-10-07,cancelled,sport,409.89,0.0
ORD001078,CUST00033,2025-11-13,completed,sport,412.29,0.0
ORD001079,CUST00202,2025-07-28,completed,sport,297.33,44.6
ORD001080,CUST00486,2025-09-02,completed,home,383.33,0.0
ORD001081,CUST00423,2025-06-30,completed,electronics,67.2,0.0
ORD001082,CUST00022,2025-07-20,completed,fashion,305.97,15.3
ORD001083,CUST00166,2025-09-04,cancelled,electronics,114.42,17.16
ORD001084,CUST00259,2024-03-17,completed,home,73.97,7.4
ORD001085,CUST00090,2025-05-21,completed,beauty,85.19,12.78
ORD001086,CUST00475,2024-05-14,completed,fashion,409.25,0.0
ORD001087,CUST00059,2024-11-02,completed,fashion,88.09,13.21
ORD001088,CUST00124,2024-03-31,cancelled,home,319.96,0.0
ORD001089,CUST00035,2024-09-09,completed,fashion,390.69,39.07
ORD001090,CUST00214,2024-09-19,completed,beauty,173.95,17.39
ORD001091,CUST00068,2025-05-24,completed,sport,62.68,6.27
ORD001092,CUST00359,2025-04-16,completed,home,168.35,25.25
ORD001093,CUST00488,2025-06-15,cancelled,home,159.14,7.96
ORD001094,CUST00460,2024-08-29,completed,home,359.69,0.0
ORD001095,CUST00354,2026-03-20,refunded,sport,354.86,35.49
ORD001096,CUST00251,2024-10-06,completed,fashion,141.28,7.06
ORD001097,CUST00315,2024-11-07,completed,fashion,347.03,17.35
ORD001098,CUST00200,2024-11-13,completed,electronics,343.92,34.39
ORD001099,CUST00469,2025-08-23,cancelled,electronics,52.15,0.0
ORD001100,CUST00017,2025-10-16,completed,electronics,219.84,0.0
ORD001101,CUST00429,2026-02-28,completed,fashion,83.07,4.15
ORD001102,CUST00245,2024-06-30,completed,electronics,249.9,37.48
ORD001103,CUST00107,2024-08-04,completed,electronics,39.6,3.96
ORD001104,CUST00320,2024-11-17,completed,beauty,308.21,0.0
ORD001105,CUST00499,2024-05-20,completed,home,395.03,0.0
ORD001106,CUST00372,2024-05-28,completed,beauty,411.8,0.0
ORD001107,CUST00266,2024-09-15,completed,home,378.84,0.0
ORD001108,CUST00409,2025-05-20,completed,electronics,332.07,16.6
ORD001109,CUST00234,2024-09-21,completed,beauty,417.55,41.76
ORD001110,CUST00231,2025-12-02,completed,electronics,339.38,0.0
ORD001111,CUST00349,2025-08-31,completed,sport,220.49,22.05
ORD001112,CUST00445,2025-07-28,completed,fashion,178.49,17.85
ORD001113,CUST00163,2024-12-11,cancelled,electronics,380.24,0.0
ORD001114,CUST00279,2025-05-26,completed,electronics,350.58,35.06
ORD001115,CUST00308,2025-01-15,completed,electronics,442.5,0.0
ORD001116,CUST00483,2024-08-19,cancelled,sport,109.51,16.43
ORD001117,CUST00058,2024-08-11,completed,beauty,47.61,0.0
ORD001118,CUST00088,2025-06-21,completed,electronics,343.83,51.57
ORD001119,CUST00312,2024-06-12,completed,home,197.39,19.74
ORD001120,CUST00149,2024-05-11,completed,fashion,94.73,9.47
ORD001121,CUST00453,2025-07-29,completed,fashion,329.91,0.0
ORD001122,CUST00182,2024-07-12,completed,electronics,130.44,0.0
ORD001123,CUST00289,2024-03-09,completed,electronics,232.64,34.9
ORD001124,CUST00079,2025-04-11,completed,beauty,283.74,42.56
ORD001125,CUST00221,2025-06-01,completed,beauty,26.31,0.0
ORD001126,CUST00087,2025-08-11,completed,fashion,36.84,3.68
ORD001127,CUST00449,2024-12-09,completed,sport,107.71,5.39
ORD001128,CUST00485,2025-06-28,completed,electronics,146.84,22.03
ORD001129,CUST00366,2026-04-22,completed,electronics,230.18,23.02
ORD001130,CUST00285,2025-05-22,completed,electronics,44.7,0.0
ORD001131,CUST00261,2024-10-16,refunded,fashion,340.95,0.0
ORD001132,CUST00405,2024-12-04,completed,electronics,409.37,0.0
ORD001133,CUST00192,2024-08-15,completed,sport,342.9,0.0
ORD001134,CUST00434,2025-01-26,completed,electronics,38.71,0.0
ORD001135,CUST00428,2025-05-27,completed,sport,90.95,4.55
ORD001136,CUST00317,2025-02-09,completed,beauty,390.72,0.0
ORD001137,CUST00403,2025-09-27,completed,sport,410.52,0.0
ORD001138,CUST00128,2025-01-06,completed,beauty,400.47,0.0
ORD001139,CUST00087,2025-04-18,completed,home,139.17,13.92
ORD001140,CUST00476,2024-09-22,completed,beauty,122.56,0.0
ORD001141,CUST00296,2025-04-04,completed,beauty,158.68,7.93
ORD001142,CUST00495,2025-04-01,completed,beauty,284.15,14.21
ORD001143,CUST00267,2025-09-29,completed,electronics,432.52,0.0
ORD001144,CUST00209,2024-06-13,completed,beauty,189.29,0.0
ORD001145,CUST00387,2026-01-24,completed,sport,145.04,14.5
ORD001146,CUST00429,2025-06-27,completed,fashion,218.03,0.0
ORD001147,CUST00317,2024-08-08,completed,fashion,134.29,0.0
ORD001148,CUST00205,2025-04-20,completed,home,305.51,0.0
ORD001149,CUST00129,2024-08-31,completed,sport,94.3,0.0
ORD001150,CUST00186,2024-11-09,completed,sport,304.4,0.0
ORD001151,CUST00144,2024-11-19,completed,sport,441.69,0.0
ORD001152,CUST00092,2025-04-07,completed,beauty,379.13,56.87
ORD001153,CUST00018,2024-04-26,completed,electronics,273.12,0.0
ORD001154,CUST00042,2025-07-06,completed,beauty,396.99,39.7
ORD001155,CUST00097,2025-10-12,completed,electronics,417.64,62.65
ORD001156,CUST00180,2025-01-27,completed,electronics,434.16,21.71
ORD001157,CUST00339,2025-05-11,completed,beauty,306.7,0.0
ORD001158,CUST00192,2024-11-27,completed,electronics,205.33,10.27
ORD001159,CUST00451,2024-06-20,completed,beauty,373.41,0.0
ORD001160,CUST00103,2025-05-30,completed,sport,124.16,18.62
ORD001161,CUST00499,2024-07-30,completed,electronics,93.1,0.0
ORD001162,CUST00271,2025-12-01,completed,home,278.35,0.0
ORD001163,CUST00259,2024-08-04,completed,beauty,220.64,22.06
ORD001164,CUST00276,2026-01-06,completed,sport,200.25,10.01
ORD001165,CUST00326,2025-01-31,completed,sport,158.56,0.0
ORD001166,CUST00282,2026-03-01,completed,beauty,139.34,0.0
ORD001167,CUST00100,2024-04-21,completed,home,293.6,29.36
ORD001168,CUST00151,2025-03-17,completed,beauty,404.49,60.67
ORD001169,CUST00012,2025-04-24,completed,home,349.91,0.0
ORD001170,CUST00283,2025-03-19,completed,beauty,150.75,0.0
ORD001171,CUST00146,2024-06-22,cancelled,home,386.29,57.94
ORD001172,CUST00158,2025-03-08,refunded,beauty,45.86,0.0
ORD001173,CUST00187,2025-03-31,completed,home,37.3,0.0
ORD001174,CUST00419,2024-12-09,completed,sport,189.41,18.94
ORD001175,CUST00276,2025-05-31,completed,beauty,372.67,0.0
ORD001176,CUST00414,2025-11-19,completed,home,34.61,0.0
ORD001177,CUST00204,2025-09-30,completed,beauty,198.73,0.0
ORD001178,CUST00021,2024-11-14,refunded,sport,189.8,0.0
ORD001179,CUST00399,2024-11-06,cancelled,home,118.86,0.0
ORD001180,CUST00356,2025-04-10,completed,fashion,241.51,36.23
ORD001181,CUST00117,2024-03-03,completed,home,123.31,0.0
ORD001182,CUST00436,2025-09-06,completed,fashion,420.01,63.0
ORD001183,CUST00257,2025-06-24,completed,beauty,424.26,21.21
ORD001184,CUST00223,2024-07-29,completed,electronics,232.5,11.62
ORD001185,CUST00018,2024-12-04,completed,electronics,80.97,8.1
ORD001186,CUST00001,2024-09-05,completed,beauty,404.71,60.71
ORD001187,CUST00205,2025-10-11,completed,sport,217.92,0.0
ORD001188,CUST00368,2025-02-18,completed,sport,361.33,0.0
ORD001189,CUST00471,2025-12-16,cancelled,beauty,185.29,0.0
ORD001190,CUST00356,2025-03-14,completed,sport,165.37,0.0
ORD001191,CUST00391,2025-07-02,cancelled,electronics,85.39,0.0
ORD001192,CUST00079,2025-01-20,completed,fashion,264.65,0.0
ORD001193,CUST00189,2024-05-16,completed,beauty,444.23,0.0
ORD001194,CUST00038,2025-02-07,completed,electronics,186.88,9.34
ORD001195,CUST00193,2024-10-22,completed,fashion,278.63,0.0
ORD001196,CUST00272,2025-07-04,completed,electronics,306.02,15.3
ORD001197,CUST00060,2025-04-24,completed,home,414.28,0.0
ORD001198,CUST00203,2024-12-08,completed,beauty,143.77,14.38
ORD001199,CUST00136,2024-12-21,completed,beauty,338.36,0.0
ORD001200,CUST00281,2025-05-13,completed,fashion,72.43,0.0
ORD001201,CUST00060,2025-02-22,cancelled,beauty,113.42,11.34
ORD001202,CUST00194,2024-11-22,completed,electronics,228.16,0.0
ORD001203,CUST00430,2024-07-27,completed,beauty,60.5,0.0
ORD001204,CUST00144,2024-11-20,completed,sport,192.63,9.63
ORD001205,CUST00351,2024-11-29,completed,sport,414.69,0.0
ORD001206,CUST00368,2025-01-20,completed,fashion,396.97,59.55
ORD001207,CUST00228,2025-11-15,completed,home,84.32,8.43
ORD001208,CUST00357,2025-05-13,cancelled,fashion,353.5,17.68
ORD001209,CUST00455,2024-08-17,completed,electronics,169.77,25.47
ORD001210,CUST00035,2024-05-07,completed,electronics,276.1,27.61
ORD001211,CUST00135,2025-02-24,completed,fashion,166.39,0.0
ORD001212,CUST00454,2025-10-21,completed,electronics,117.93,0.0
ORD001213,CUST00397,2025-11-13,completed,beauty,133.14,19.97
ORD001214,CUST00030,2025-02-11,completed,home,286.25,0.0
ORD001215,CUST00185,2025-12-19,completed,electronics,128.01,0.0
ORD001216,CUST00003,2024-04-07,completed,sport,346.12,34.61
ORD001217,CUST00342,2025-06-07,completed,beauty,211.64,0.0
ORD001218,CUST00012,2025-02-27,cancelled,electronics,44.01,0.0
ORD001219,CUST00018,2024-07-13,completed,home,226.03,11.3
ORD001220,CUST00074,2025-04-16,completed,sport,41.3,0.0
ORD001221,CUST00221,2025-03-15,completed,beauty,165.97,0.0
ORD001222,CUST00482,2025-11-16,completed,sport,76.85,0.0
ORD001223,CUST00029,2025-09-18,completed,beauty,138.2,0.0
ORD001224,CUST00046,2024-09-18,completed,fashion,390.02,19.5
ORD001225,CUST00308,2025-02-22,completed,beauty,318.63,47.79
ORD001226,CUST00387,2026-03-11,completed,beauty,217.55,0.0
ORD001227,CUST00129,2025-05-10,completed,home,76.65,0.0
ORD001228,CUST00389,2026-01-22,refunded,fashion,446.16,66.92
ORD001229,CUST00485,2025-11-30,completed,home,265.46,39.82
ORD001230,CUST00043,2025-07-11,cancelled,home,291.52,0.0
ORD001231,CUST00238,2024-10-31,completed,electronics,148.18,0.0
ORD001232,CUST00352,2025-09-26,completed,fashion,216.03,0.0
ORD001233,CUST00186,2024-10-20,completed,home,83.56,12.53
ORD001234,CUST00111,2026-02-19,completed,fashion,318.09,15.9
ORD001235,CUST00444,2024-08-10,completed,home,200.15,0.0
ORD001236,CUST00272,2025-10-07,completed,fashion,407.11,61.07
ORD001237,CUST00459,2024-11-16,cancelled,home,46.02,2.3
ORD001238,CUST00218,2025-08-02,completed,fashion,353.76,0.0
ORD001239,CUST00272,2025-07-20,completed,home,440.37,66.06
ORD001240,CUST00461,2024-08-22,completed,fashion,317.38,0.0
ORD001241,CUST00300,2026-01-13,completed,electronics,33.97,0.0
ORD001242,CUST00142,2025-09-11,completed,sport,30.6,0.0
ORD001243,CUST00277,2025-05-10,completed,home,270.54,0.0
ORD001244,CUST00022,2026-03-19,completed,sport,318.14,0.0
ORD001245,CUST00473,2025-04-21,cancelled,sport,190.82,0.0
ORD001246,CUST00201,2025-09-19,completed,fashion,306.74,0.0
ORD001247,CUST00180,2024-07-30,completed,home,206.33,20.63
ORD001248,CUST00240,2025-11-21,completed,home,204.11,0.0
ORD001249,CUST00497,2024-11-02,completed,electronics,230.0,0.0
ORD001250,CUST00045,2025-01-12,completed,beauty,364.62,0.0
ORD001251,CUST00423,2025-09-23,completed,fashion,136.5,0.0
ORD001252,CUST00047,2026-01-22,completed,fashion,281.7,0.0
ORD001253,CUST00098,2025-10-10,completed,sport,439.35,43.94
ORD001254,CUST00231,2025-03-24,completed,fashion,94.01,0.0
ORD001255,CUST00341,2025-01-09,completed,fashion,231.95,23.2
ORD001256,CUST00062,2024-04-25,completed,sport,141.1,0.0
ORD001257,CUST00197,2024-05-05,completed,beauty,343.17,0.0
ORD001258,CUST00174,2024-08-17,completed,home,333.13,0.0
ORD001259,CUST00468,2025-02-28,refunded,electronics,297.83,0.0
ORD001260,CUST00448,2025-09-23,completed,fashion,248.29,24.83
ORD001261,CUST00233,2026-01-12,refunded,beauty,145.51,21.83
ORD001262,CUST00439,2025-05-14,completed,sport,44.51,6.68
ORD001263,CUST00292,2026-02-19,completed,beauty,27.41,0.0
ORD001264,CUST00386,2025-07-22,cancelled,home,449.77,0.0
ORD001265,CUST00343,2025-05-27,completed,sport,70.19,7.02
ORD001266,CUST00438,2024-08-29,completed,sport,218.35,0.0
ORD001267,CUST00011,2025-02-14,completed,electronics,152.83,0.0
ORD001268,CUST00477,2025-03-22,cancelled,electronics,168.58,0.0
ORD001269,CUST00253,2024-10-14,completed,sport,287.13,0.0
ORD001270,CUST00267,2026-01-15,completed,electronics,278.52,13.93
ORD001271,CUST00045,2024-09-16,completed,beauty,279.56,0.0
ORD001272,CUST00037,2025-11-20,completed,electronics,69.84,3.49
ORD001273,CUST00422,2024-05-20,completed,fashion,398.76,39.88
ORD001274,CUST00329,2025-01-20,completed,home,191.59,28.74
ORD001275,CUST00096,2024-02-27,completed,electronics,177.81,0.0
ORD001276,CUST00207,2025-08-03,completed,electronics,224.43,22.44
ORD001277,CUST00176,2024-08-23,completed,sport,347.27,17.36
ORD001278,CUST00404,2025-07-18,completed,home,352.33,35.23
ORD001279,CUST00364,2025-01-20,completed,fashion,334.4,50.16
ORD001280,CUST00342,2025-02-10,completed,beauty,322.23,0.0
ORD001281,CUST00401,2025-03-04,completed,sport,428.3,0.0
ORD001282,CUST00426,2024-06-04,completed,fashion,93.71,0.0
ORD001283,CUST00441,2024-12-23,completed,electronics,260.2,39.03
ORD001284,CUST00167,2025-01-18,completed,electronics,430.49,0.0
ORD001285,CUST00227,2025-05-31,completed,home,49.2,0.0
ORD001286,CUST00431,2025-09-17,completed,sport,368.66,0.0
ORD001287,CUST00355,2025-01-29,completed,electronics,332.68,0.0
ORD001288,CUST00290,2024-12-19,completed,home,423.72,0.0
ORD001289,CUST00011,2024-12-04,completed,fashion,143.4,14.34
ORD001290,CUST00056,2024-11-21,completed,home,438.01,0.0
ORD001291,CUST00150,2024-12-12,completed,beauty,419.87,41.99
ORD001292,CUST00099,2025-02-19,completed,electronics,117.64,17.65
ORD001293,CUST00478,2025-01-24,completed,home,17.74,0.89
ORD001294,CUST00385,2025-07-29,completed,beauty,257.1,38.57
ORD001295,CUST00355,2024-09-20,completed,sport,132.46,6.62
ORD001296,CUST00354,2025-08-15,completed,fashion,143.58,0.0
ORD001297,CUST00386,2025-09-14,completed,fashion,297.78,14.89
ORD001298,CUST00400,2024-06-09,completed,home,206.68,20.67
ORD001299,CUST00374,2024-07-28,completed,sport,240.34,0.0
ORD001300,CUST00155,2024-06-28,completed,beauty,85.3,12.79
ORD001301,CUST00194,2024-08-28,completed,beauty,255.99,0.0
ORD001302,CUST00388,2025-10-10,cancelled,beauty,70.03,0.0
ORD001303,CUST00303,2025-06-25,completed,home,332.59,0.0
ORD001304,CUST00462,2025-10-01,completed,sport,423.4,63.51
ORD001305,CUST00020,2024-08-06,completed,electronics,144.25,0.0
ORD001306,CUST00376,2024-05-19,cancelled,electronics,435.42,0.0
ORD001307,CUST00213,2024-08-11,completed,beauty,143.43,21.51
ORD001308,CUST00053,2024-10-06,completed,home,240.69,0.0
ORD001309,CUST00228,2025-08-14,refunded,beauty,95.6,0.0
ORD001310,CUST00123,2024-12-21,completed,fashion,127.27,6.36
ORD001311,CUST00160,2026-03-16,completed,fashion,284.13,28.41
ORD001312,CUST00085,2025-02-10,cancelled,home,384.19,0.0
ORD001313,CUST00014,2024-11-06,refunded,home,94.15,4.71
ORD001314,CUST00334,2025-08-14,completed,sport,18.19,0.0
ORD001315,CUST00131,2025-04-08,cancelled,electronics,110.58,5.53
ORD001316,CUST00174,2024-11-16,cancelled,beauty,397.71,59.66
ORD001317,CUST00373,2025-06-07,completed,fashion,94.36,0.0
ORD001318,CUST00371,2025-05-11,completed,fashion,147.84,22.18
ORD001319,CUST00110,2024-10-26,completed,fashion,419.24,0.0
ORD001320,CUST00116,2025-11-26,completed,home,106.7,0.0
ORD001321,CUST00471,2025-06-09,completed,fashion,29.3,0.0
ORD001322,CUST00050,2025-01-13,completed,fashion,193.95,19.39
ORD001323,CUST00207,2025-03-30,completed,beauty,136.72,0.0
ORD001324,CUST00447,2024-10-11,completed,sport,332.87,0.0
ORD001325,CUST00037,2026-01-12,completed,electronics,250.77,0.0
ORD001326,CUST00430,2024-07-26,completed,home,404.83,0.0
ORD001327,CUST00372,2024-06-16,completed,beauty,85.3,4.26
ORD001328,CUST00255,2025-07-05,completed,fashion,152.13,0.0
ORD001329,CUST00278,2025-03-06,completed,beauty,296.59,29.66
ORD001330,CUST00056,2024-09-05,refunded,home,189.02,0.0
ORD001331,CUST00095,2025-10-22,completed,home,277.4,0.0
ORD001332,CUST00133,2025-06-22,completed,beauty,89.92,8.99
ORD001333,CUST00234,2024-04-17,completed,sport,309.65,0.0
ORD001334,CUST00059,2024-06-15,cancelled,electronics,420.43,0.0
ORD001335,CUST00484,2025-05-09,completed,beauty,132.57,6.63
ORD001336,CUST00181,2025-02-26,refunded,beauty,418.78,20.94
ORD001337,CUST00351,2024-06-27,refunded,home,402.69,20.13
ORD001338,CUST00412,2024-07-14,completed,home,102.13,0.0
ORD001339,CUST00480,2025-06-30,completed,fashion,372.37,0.0
ORD001340,CUST00155,2025-04-04,completed,home,382.93,0.0
ORD001341,CUST00355,2025-04-14,completed,electronics,321.65,0.0
ORD001342,CUST00305,2025-03-19,completed,beauty,30.81,3.08
ORD001343,CUST00230,2024-10-26,refunded,beauty,371.3,55.7
ORD001344,CUST00043,2025-02-10,completed,fashion,413.18,61.98
ORD001345,CUST00118,2025-06-13,completed,sport,150.83,7.54
ORD001346,CUST00432,2025-12-30,completed,sport,336.17,0.0
ORD001347,CUST00301,2025-02-04,completed,electronics,86.78,8.68
ORD001348,CUST00414,2025-06-18,completed,fashion,112.32,5.62
ORD001349,CUST00386,2025-04-25,completed,electronics,301.16,30.12
ORD001350,CUST00266,2024-04-30,completed,beauty,334.09,50.11
ORD001351,CUST00353,2025-07-22,completed,beauty,315.07,0.0
ORD001352,CUST00269,2026-01-04,completed,fashion,413.83,0.0
ORD001353,CUST00002,2025-10-28,completed,beauty,52.7,0.0
ORD001354,CUST00316,2024-08-16,completed,fashion,64.87,6.49
ORD001355,CUST00202,2025-09-29,completed,sport,428.87,0.0
ORD001356,CUST00367,2024-10-29,completed,fashion,325.37,0.0
ORD001357,CUST00369,2026-03-03,completed,home,216.1,0.0
ORD001358,CUST00385,2025-04-12,completed,sport,43.1,4.31
ORD001359,CUST00154,2024-11-06,completed,electronics,153.5,0.0
ORD001360,CUST00469,2025-07-22,completed,fashion,184.86,0.0
ORD001361,CUST00073,2025-07-15,completed,fashion,144.04,0.0
ORD001362,CUST00428,2024-12-27,completed,sport,158.14,15.81
ORD001363,CUST00330,2025-09-22,completed,electronics,28.03,0.0
ORD001364,CUST00381,2024-11-27,completed,electronics,312.32,0.0
ORD001365,CUST00285,2025-10-11,refunded,sport,31.11,0.0
ORD001366,CUST00476,2024-07-14,completed,fashion,30.88,0.0
ORD001367,CUST00278,2025-10-05,completed,sport,305.37,30.54
ORD001368,CUST00372,2024-08-25,cancelled,electronics,189.15,0.0
ORD001369,CUST00334,2025-07-14,completed,beauty,46.01,4.6
ORD001370,CUST00224,2025-06-18,completed,fashion,131.82,19.77
ORD001371,CUST00378,2026-02-09,completed,electronics,313.92,31.39
ORD001372,CUST00498,2025-02-19,completed,home,306.78,15.34
ORD001373,CUST00077,2025-12-23,completed,sport,385.73,38.57
ORD001374,CUST00144,2024-11-05,completed,electronics,226.08,22.61
ORD001375,CUST00276,2025-11-20,completed,home,347.78,34.78
ORD001376,CUST00039,2024-09-16,completed,beauty,118.47,11.85
ORD001377,CUST00018,2024-08-15,completed,electronics,294.78,14.74
ORD001378,CUST00362,2025-11-07,completed,fashion,77.29,0.0
ORD001379,CUST00201,2025-07-28,completed,electronics,358.97,17.95
ORD001380,CUST00057,2025-07-16,completed,beauty,444.08,44.41
ORD001381,CUST00030,2025-02-03,completed,fashion,404.48,20.22
ORD001382,CUST00429,2026-04-21,completed,home,231.41,0.0
ORD001383,CUST00258,2025-11-11,refunded,sport,336.23,0.0
ORD001384,CUST00221,2025-02-13,completed,sport,131.11,13.11
ORD001385,CUST00144,2024-10-27,completed,home,365.13,36.51
ORD001386,CUST00208,2024-04-19,completed,home,365.67,36.57
ORD001387,CUST00284,2025-05-28,completed,sport,356.51,35.65
ORD001388,CUST00171,2025-01-09,completed,home,148.51,7.43
ORD001389,CUST00410,2024-10-20,completed,beauty,32.92,4.94
ORD001390,CUST00478,2024-09-09,cancelled,fashion,263.24,0.0
ORD001391,CUST00194,2024-09-06,completed,beauty,250.66,37.6
ORD001392,CUST00058,2024-08-14,completed,fashion,397.35,0.0
ORD001393,CUST00445,2025-08-09,cancelled,sport,247.75,12.39
ORD001394,CUST00005,2025-01-30,completed,beauty,218.28,21.83
ORD001395,CUST00165,2024-10-31,cancelled,beauty,24.28,0.0
ORD001396,CUST00401,2024-12-27,completed,home,32.1,1.61
ORD001397,CUST00155,2024-11-15,completed,beauty,203.84,0.0
ORD001398,CUST00384,2024-12-12,completed,electronics,439.28,43.93
ORD001399,CUST00107,2025-03-15,completed,fashion,301.96,0.0
ORD001400,CUST00108,2025-04-12,cancelled,electronics,436.11,0.0
ORD001401,CUST00030,2024-12-19,completed,sport,341.06,34.11
ORD001402,CUST00418,2024-05-08,cancelled,beauty,146.47,14.65
ORD001403,CUST00289,2024-05-23,completed,fashion,34.99,0.0
ORD001404,CUST00119,2025-03-16,completed,sport,209.6,31.44
ORD001405,CUST00416,2025-10-13,completed,home,288.96,43.34
ORD001406,CUST00306,2024-05-11,completed,sport,276.15,27.61
ORD001407,CUST00067,2025-10-17,completed,fashion,25.47,0.0
ORD001408,CUST00228,2025-02-25,completed,home,154.68,7.73
ORD001409,CUST00366,2025-06-25,completed,beauty,401.68,0.0
ORD001410,CUST00362,2025-09-19,completed,fashion,49.05,0.0
ORD001411,CUST00310,2025-05-20,completed,sport,100.39,5.02
ORD001412,CUST00217,2025-06-28,completed,beauty,252.52,0.0
ORD001413,CUST00288,2024-07-01,completed,electronics,253.73,38.06
ORD001414,CUST00366,2025-10-11,cancelled,beauty,259.51,0.0
ORD001415,CUST00384,2025-04-17,completed,beauty,377.66,0.0
ORD001416,CUST00036,2024-09-21,completed,beauty,42.17,2.11
ORD001417,CUST00040,2025-04-23,completed,electronics,173.69,8.68
ORD001418,CUST00464,2024-12-05,completed,electronics,234.73,35.21
ORD001419,CUST00006,2024-10-29,completed,fashion,280.15,0.0
ORD001420,CUST00409,2025-07-31,completed,sport,419.88,0.0
ORD001421,CUST00252,2026-02-16,completed,sport,411.52,0.0
ORD001422,CUST00298,2024-05-13,completed,electronics,79.03,0.0
ORD001423,CUST00349,2025-12-03,completed,electronics,240.27,0.0
ORD001424,CUST00247,2024-08-13,completed,beauty,331.39,0.0
ORD001425,CUST00154,2024-08-15,completed,sport,363.4,0.0
ORD001426,CUST00456,2024-11-22,completed,fashion,17.56,1.76
ORD001427,CUST00158,2025-06-11,completed,home,162.59,8.13
ORD001428,CUST00071,2024-12-03,completed,sport,145.54,7.28
ORD001429,CUST00170,2025-03-18,completed,fashion,340.71,0.0
ORD001430,CUST00111,2026-03-04,completed,electronics,306.6,0.0
ORD001431,CUST00029,2026-02-09,completed,sport,206.04,0.0
ORD001432,CUST00444,2024-07-23,completed,sport,293.94,44.09
ORD001433,CUST00228,2025-12-10,completed,home,91.11,0.0
ORD001434,CUST00461,2024-08-25,completed,home,340.14,0.0
ORD001435,CUST00074,2025-08-31,completed,fashion,279.01,13.95
ORD001436,CUST00055,2025-06-12,cancelled,sport,346.72,17.34
ORD001437,CUST00151,2025-02-27,cancelled,beauty,426.46,21.32
ORD001438,CUST00404,2025-12-22,completed,beauty,415.64,41.56
ORD001439,CUST00045,2024-11-05,cancelled,fashion,290.68,14.53
ORD001440,CUST00289,2024-09-03,completed,fashion,392.92,0.0
ORD001441,CUST00394,2026-03-01,completed,electronics,360.0,36.0
ORD001442,CUST00030,2024-10-09,completed,electronics,402.43,0.0
ORD001443,CUST00370,2024-05-29,completed,sport,427.34,0.0
ORD001444,CUST00326,2025-04-10,completed,electronics,183.3,0.0
ORD001445,CUST00246,2025-08-29,completed,electronics,382.56,0.0
ORD001446,CUST00164,2025-06-05,cancelled,electronics,376.53,37.65
ORD001447,CUST00022,2025-11-01,completed,home,196.2,0.0
ORD001448,CUST00141,2025-05-13,completed,sport,177.43,0.0
ORD001449,CUST00154,2024-10-29,completed,beauty,301.31,0.0
ORD001450,CUST00384,2024-09-03,cancelled,home,69.71,0.0
ORD001451,CUST00246,2025-05-17,completed,sport,402.02,20.1
ORD001452,CUST00279,2025-04-29,completed,fashion,70.19,0.0
ORD001453,CUST00085,2025-08-14,cancelled,fashion,143.57,0.0
ORD001454,CUST00348,2025-08-04,completed,electronics,298.67,0.0
ORD001455,CUST00031,2024-06-28,completed,fashion,222.32,0.0
ORD001456,CUST00123,2024-10-19,completed,electronics,75.64,0.0
ORD001457,CUST00224,2025-02-01,completed,home,306.12,45.92
ORD001458,CUST00243,2024-03-08,cancelled,fashion,423.37,42.34
ORD001459,CUST00086,2025-12-16,refunded,electronics,386.01,0.0
ORD001460,CUST00195,2024-07-18,completed,fashion,163.64,0.0
ORD001461,CUST00415,2024-08-27,completed,sport,63.85,9.58
ORD001462,CUST00294,2024-07-21,completed,home,373.74,56.06
ORD001463,CUST00232,2025-05-02,completed,fashion,287.4,43.11
ORD001464,CUST00101,2024-06-08,completed,electronics,370.24,0.0
ORD001465,CUST00342,2025-03-29,completed,home,50.38,0.0
ORD001466,CUST00340,2025-05-29,refunded,beauty,117.75,0.0
ORD001467,CUST00065,2025-06-20,completed,electronics,428.7,42.87
ORD001468,CUST00376,2025-03-17,completed,sport,135.06,0.0
ORD001469,CUST00336,2024-12-02,completed,fashion,207.8,0.0
ORD001470,CUST00110,2024-07-09,completed,fashion,445.37,44.54
ORD001471,CUST00357,2025-03-26,completed,home,389.05,0.0
ORD001472,CUST00207,2025-06-27,completed,fashion,301.09,0.0
ORD001473,CUST00005,2025-07-10,completed,home,97.65,14.65
ORD001474,CUST00387,2026-01-30,refunded,fashion,308.27,30.83
ORD001475,CUST00231,2025-12-15,completed,home,107.37,0.0
ORD001476,CUST00203,2025-05-13,completed,sport,97.16,0.0
ORD001477,CUST00051,2025-05-23,completed,electronics,288.8,0.0
ORD001478,CUST00374,2024-06-16,completed,fashion,212.24,21.22
ORD001479,CUST00141,2024-10-20,completed,beauty,372.42,0.0
ORD001480,CUST00324,2024-04-15,completed,fashion,28.56,4.28
ORD001481,CUST00398,2025-08-04,cancelled,home,206.96,0.0
ORD001482,CUST00427,2025-11-10,completed,electronics,202.23,0.0
ORD001483,CUST00189,2024-08-05,completed,beauty,346.11,34.61
ORD001484,CUST00443,2025-08-05,completed,fashion,230.03,0.0
ORD001485,CUST00419,2025-03-02,completed,fashion,361.19,54.18
ORD001486,CUST00131,2024-08-11,cancelled,electronics,293.85,0.0
ORD001487,CUST00069,2025-08-29,completed,home,229.9,34.48
ORD001488,CUST00439,2025-04-02,completed,electronics,114.17,0.0
ORD001489,CUST00095,2025-04-17,completed,electronics,429.61,0.0
ORD001490,CUST00500,2025-03-02,completed,beauty,176.81,26.52
ORD001491,CUST00361,2024-10-02,completed,home,393.35,0.0
ORD001492,CUST00042,2025-08-13,cancelled,beauty,31.55,0.0
ORD001493,CUST00160,2025-09-22,completed,sport,146.19,0.0
ORD001494,CUST00364,2025-02-21,completed,home,183.63,0.0
ORD001495,CUST00449,2024-09-03,completed,beauty,297.74,0.0
ORD001496,CUST00330,2026-04-17,completed,fashion,357.19,53.58
ORD001497,CUST00317,2024-08-28,completed,home,175.38,0.0
ORD001498,CUST00380,2024-12-19,completed,fashion,124.19,0.0
ORD001499,CUST00378,2025-08-15,completed,home,110.32,11.03
ORD001500,CUST00285,2025-02-20,completed,fashion,261.7,26.17
